{
  "controllers" : {
    "client" : { },
    "dataStream" : { },
    "page" : {
      "Start" : {
        "widgets" : { }
      }
    }
  },
  "isLaunchable" : false,
  "models" : {
    "dataObjects" : {
      "__GLOBAL__" : {
        "properties" : { }
      },
      "__PARAMETERS__" : {
        "properties" : { }
      }
    },
    "dataStreams" : [ ]
  },
  "name" : "CompleteWorkorder",
  "options" : {
    "badgeCount" : 0,
    "cssAssets" : [ "https://dev.vantiq.com/ui/docs/NS/bp_sitsm_v2/css/servicedeskmobile.css" ],
    "description" : "",
    "showGridWhileEditing" : false,
    "theme" : {
      "accentColor1" : "#040fdb",
      "backgroundColor" : "#f0f2f5",
      "borderColor" : "#000000",
      "foregroundColor" : "#000000",
      "label" : "Light",
      "name" : "light",
      "v" : 2
    },
    "v" : 3
  },
  "targetDevice" : "mobile",
  "userList" : [ ],
  "views" : {
    "Start" : {
      "bodyChildren" : [ {
        "CSSClass" : "vantiqStaticImage",
        "actionMenuLabel" : null,
        "actionMenuTopic" : null,
        "borderColor" : "Default",
        "borderWidth" : 0,
        "h" : 43,
        "heightPolicy" : 0,
        "horzGravity" : 4,
        "isDraggable" : true,
        "isScaleable" : false,
        "isSelectable" : true,
        "name" : "StaticImage20",
        "scale" : 1,
        "type" : "Img",
        "url" : "../cmn/assets/branding/defaultImage.png",
        "v" : 14,
        "vertGravity" : 4,
        "w" : 150,
        "widthPolicy" : 0,
        "x" : 115,
        "y" : 5
      }, {
        "CSSClass" : "vantiqSectionLabel",
        "actionMenuLabel" : null,
        "actionMenuTopic" : null,
        "borderColor" : "Default",
        "borderWidth" : 0,
        "h" : 42,
        "heightPolicy" : 0,
        "horzGravity" : 4,
        "horzMargin" : 2,
        "innerMargin" : 0,
        "isDraggable" : true,
        "isSelectable" : true,
        "label" : "Complete Workorder",
        "labelAlign" : "left",
        "labelColor" : "#808080",
        "labelFontSize" : 18,
        "labelStyle" : "italic",
        "name" : "SectionLabel12153",
        "type" : "PISection",
        "v" : 14,
        "vertGravity" : 4,
        "vertMargin" : 10,
        "w" : 370,
        "widthPolicy" : 2,
        "x" : 5,
        "y" : 53
      }, {
        "CSSClass" : "vantiqStaticHtml",
        "actionMenuLabel" : null,
        "actionMenuTopic" : null,
        "borderColor" : "Default",
        "borderWidth" : 0,
        "dataStreamUUID" : null,
        "dmh" : 300,
        "dmw" : 200,
        "h" : 53,
        "heightPolicy" : 1,
        "horzGravity" : 4,
        "horzScrollPolicy" : 0,
        "html" : "Use this form to complete the Workorder. A customer signature is required.&nbsp;",
        "isDraggable" : true,
        "isSelectable" : true,
        "name" : "StaticHtml70",
        "type" : "RichText",
        "v" : 14,
        "vertGravity" : 4,
        "vertScrollPolicy" : 0,
        "w" : 370,
        "widthPolicy" : 2,
        "x" : 5,
        "y" : 100
      }, {
        "CSSClass" : "vantiqSectionLabel",
        "actionMenuLabel" : null,
        "actionMenuTopic" : null,
        "borderColor" : "Default",
        "borderWidth" : 0,
        "h" : 42,
        "heightPolicy" : 0,
        "horzGravity" : 4,
        "horzMargin" : 2,
        "innerMargin" : 0,
        "isDraggable" : true,
        "isSelectable" : true,
        "label" : "Work Order Details",
        "labelAlign" : "left",
        "labelColor" : "#808080",
        "labelFontSize" : 18,
        "labelStyle" : "italic",
        "name" : "SectionLabel5",
        "type" : "PISection",
        "v" : 14,
        "vertGravity" : 4,
        "vertMargin" : 10,
        "w" : 370,
        "widthPolicy" : 2,
        "x" : 5,
        "y" : 158
      }, {
        "CSSClass" : "vantiqStaticText",
        "actionMenuLabel" : null,
        "actionMenuTopic" : null,
        "borderColor" : "Default",
        "borderWidth" : 0,
        "fontFace" : "inherit",
        "fontSize" : 20,
        "fontStyle" : "normal",
        "fontWeight" : "normal",
        "h" : 26,
        "heightPolicy" : 0,
        "horzGravity" : 4,
        "isDraggable" : true,
        "isSelectable" : true,
        "name" : "StaticText71826",
        "text" : "Customer: ${workorder.customer}",
        "type" : "TextLabel",
        "v" : 14,
        "vertGravity" : 4,
        "w" : 282,
        "widthPolicy" : 0,
        "x" : 49,
        "y" : 205
      }, {
        "CSSClass" : "vantiqMultilineInput",
        "actionMenuLabel" : null,
        "actionMenuTopic" : null,
        "borderColor" : "Default",
        "borderWidth" : 0,
        "default" : "${workorder.description}",
        "h" : 145,
        "heightPolicy" : 0,
        "horzGravity" : 4,
        "horzMargin" : 10,
        "innerMargin" : 0,
        "isDraggable" : true,
        "isReadOnly" : true,
        "isSelectable" : true,
        "label" : "Description",
        "labelAlign" : "center",
        "labelColor" : "#000000",
        "labelFontSize" : 14,
        "labelStyle" : "plain",
        "name" : "MultilineInput2",
        "optional" : true,
        "placeholder" : "",
        "rows" : 5,
        "type" : "PIMultilineInputString",
        "v" : 14,
        "vertGravity" : 4,
        "vertMargin" : 10,
        "w" : 370,
        "widthPolicy" : 2,
        "wordwrap" : true,
        "x" : 5,
        "y" : 236
      }, {
        "CSSClass" : "vantiqStaticText",
        "actionMenuLabel" : null,
        "actionMenuTopic" : null,
        "borderColor" : "Default",
        "borderWidth" : 0,
        "fontFace" : "inherit",
        "fontSize" : 20,
        "fontStyle" : "normal",
        "fontWeight" : "normal",
        "h" : 26,
        "heightPolicy" : 0,
        "horzGravity" : 4,
        "isDraggable" : true,
        "isSelectable" : true,
        "name" : "StaticText71827",
        "text" : "Title: ${workorder.summary}",
        "type" : "TextLabel",
        "v" : 14,
        "vertGravity" : 4,
        "w" : 239,
        "widthPolicy" : 0,
        "x" : 70.5,
        "y" : 386
      }, {
        "CSSClass" : "vantiqStaticText",
        "actionMenuLabel" : null,
        "actionMenuTopic" : null,
        "borderColor" : "Default",
        "borderWidth" : 0,
        "fontFace" : "inherit",
        "fontSize" : 20,
        "fontStyle" : "normal",
        "fontWeight" : "normal",
        "h" : 26,
        "heightPolicy" : 0,
        "horzGravity" : 4,
        "isDraggable" : true,
        "isSelectable" : true,
        "name" : "StaticText71825",
        "text" : "Priority: ${workorder.priority}",
        "type" : "TextLabel",
        "v" : 14,
        "vertGravity" : 4,
        "w" : 246,
        "widthPolicy" : 0,
        "x" : 67,
        "y" : 417
      }, {
        "CSSClass" : "vantiqStaticText",
        "actionMenuLabel" : null,
        "actionMenuTopic" : null,
        "borderColor" : "Default",
        "borderWidth" : 0,
        "fontFace" : "inherit",
        "fontSize" : 20,
        "fontStyle" : "normal",
        "fontWeight" : "normal",
        "h" : 26,
        "heightPolicy" : 0,
        "horzGravity" : 4,
        "isDraggable" : true,
        "isSelectable" : true,
        "name" : "StaticText71823",
        "text" : "Activity: ${workorder.activitytype}",
        "type" : "TextLabel",
        "v" : 14,
        "vertGravity" : 4,
        "w" : 282,
        "widthPolicy" : 0,
        "x" : 49,
        "y" : 448
      }, {
        "CSSClass" : "vantiqSignature",
        "actionMenuLabel" : null,
        "actionMenuTopic" : null,
        "borderColor" : "Default",
        "borderWidth" : 0,
        "h" : 216,
        "heightPolicy" : 1,
        "horzGravity" : 4,
        "horzMargin" : 10,
        "innerMargin" : 0,
        "isDraggable" : true,
        "isSelectable" : true,
        "label" : "Signature",
        "labelAlign" : "center",
        "labelColor" : "#000000",
        "labelFontSize" : 14,
        "labelStyle" : "plain",
        "name" : "Signature1",
        "optional" : true,
        "padBgColor" : "#ffffff",
        "padBorderThickness" : 1,
        "padFgColor" : "#000000",
        "type" : "PISignature",
        "v" : 14,
        "vertGravity" : 4,
        "vertMargin" : 10,
        "w" : 330,
        "widthPolicy" : 1,
        "x" : 25,
        "y" : 479
      } ],
      "data" : {
        "properties" : { }
      },
      "fields" : [ ],
      "footerChildren" : [ {
        "CSSClass" : "vantiqFooterButton",
        "actionMenuLabel" : null,
        "actionMenuTopic" : null,
        "borderColor" : "Default",
        "borderWidth" : 0,
        "buttonLabel" : "Ok",
        "h" : 51,
        "heightPolicy" : 0,
        "horzGravity" : 4,
        "horzMargin" : 10,
        "innerMargin" : 0,
        "isArtificial" : false,
        "isDraggable" : true,
        "isSelectable" : true,
        "label" : "",
        "labelAlign" : "center",
        "labelColor" : "#000000",
        "labelFontSize" : 14,
        "labelStyle" : "plain",
        "name" : "FooterButton1",
        "type" : "PIFooterButton",
        "v" : 14,
        "value" : 100,
        "vertGravity" : 4,
        "vertMargin" : 10,
        "w" : 57,
        "widthPolicy" : 0,
        "x" : 171.5,
        "y" : 5
      } ],
      "layoutType" : "mobile",
      "responseTopic" : "/my/response/topic"
    }
  }
}