{
  "ars_properties" : {
    "tags" : [ ]
  },
  "controllers" : {
    "client" : {
      "customCode" : "function update(resource, data, dbid, client, callback){\n    \n    var http = new Http();\n    http.setVantiqUrlForResource(resource);\n    http.setVantiqHeaders();\n\n    http.update(data,dbid,function(response)\n    {\n        console.log(\"SUCCESS: \" + JSON.stringify(response));\n        if (callback)\n            callback();\n    },\n    function(errors)\n    {\n        client.showHttpErrors(errors,\"Doing an update of an existing: \" + resource);\n        console.log(errors,\"Doing an update of an existing: \" + resource);\n    });    \n}\n\nfunction select(resource, params, client, callback){   \n    var http = new Http();\n    http.setVantiqUrlForResource(resource);\n    http.setVantiqHeaders();\n\n    // if no params then limit to 50 sort by create date, newest first\n    if (!params){\n        params = {\n            sort:{\"ars_createdAt\":-1},\n            limit:50\n        };\n    }\n\n    http.select(params,function(response)\n    {\n        console.log(\"SUCCESS: \" + JSON.stringify(response));\n        if (callback)\n            callback(response);   \n    },\n    function(errors)\n    {\n        client.showHttpErrors(errors,\"Doing a select on: \" + resource);\n        \n    });\n}\n\n\n//Upsert function\nfunction upsert(resource, data, client, callback){\n    var http = new Http();\n    http.setVantiqUrlForResource(resource);\n    http.setVantiqHeaders();\n    http.upsert(data,function(response)\n    {\n        console.log(\"SUCCESS: \" + JSON.stringify(response));\n        if(callback){\n            callback();\n        }\n    },\n    function(errors)\n    {\n        client.showHttpErrors(errors,\"Doing an upsert of \" + resource);\n    });\n}\n"
    },
    "dataStream" : {
      "ce_contacts" : { },
      "ce_products" : { },
      "ce_skills" : { }
    },
    "page" : {
      "Start" : {
        "onStart" : "this.data.username = client.getUsername();\nvar thisCopy = this;\n\nvar udata = {};\nudata.where = {username : this.data.username};\n// get the users full name\nselect(\"Technicians\", udata, client, function(response){\n    client.data.fullname = response[0].fname + \" \" + response[0].lname;\n});\n\nclient.getWidget(\"username\").isVisible = false;\n\nvar thiscopy = this;\nvar cid = client.getStateObject().collaborationId;\n\nvar params = {where: {id: cid}};\nselect(\"system.collaborations\", params, client, function(response){\n    console.log(JSON.stringify(response));\n    thiscopy.data.Workorders = response[0].results.Initiate.event;    \n    client.sendClientEvent(\"ce_contacts\", response[0].results.Initiate.event.contacts);\n});",
        "widgets" : {
          "Button6" : {
            "onClick" : "// set the dates in the work order\nvar currentDate = new Date().getTime();\nvar thisCopy = this;\n\nif (!page.data.Workorders.scheduledArrivalDate){\n    client.infoDialog(\"You must select a date.\",\"INFO\");\n} else if (Date.parse(page.data.Workorders.scheduledArrivalDate) <= currentDate){\n    client.infoDialog(\"Scheduled Arrival Date must be greater than the current date/time.\",\"INFO\");\n        \n} else if (Date.parse(page.data.Workorders.scheduledCompletionDate) <=  Date.parse(page.data.Workorders.scheduledArrivalDate)){\n    client.infoDialog(\"Estimated Completion Date must be greater than the Scheduled Arrival Date.\",\"INFO\");\n} else { \n    page.data.Workorders.status = \"Assigned\";\n    page.data.Workorders.techAssignmentDate = new Date().getTime();\n    page.data.Workorders.techId = client.getUsername(); // which is really the userid\n    page.data.Workorders.techname = client.data.fullname;\n    upsert(\"Workorders\", page.data.Workorders, client, function(response){\n\t\tvar responseObject = client.createResponseObject(thisCopy.submitValue);\n        responseObject.username = client.getUsername;\n        \n        var responseTopic = page.responseTopic;\n\n        var http = new Http();\n        http.setVantiqUrlForSystemResource(\"topics\");\n        http.setVantiqHeaders();\n\n        http.publish(responseObject,responseTopic,function(response){\n            client.terminate();\n        },\n        function(errors){\n            client.showHttpErrors(errors,\"Doing PUBLISH on a topic\");\n        });\n    });\n}\n"
          },
          "InputDateTime1" : {
            "onChange" : "var esthours = page.data.Workorders.estimatedHours; \n\nif(esthours){\n    var completiondate = new Date(page.data.Workorders.scheduledArrivalDate); \n\n    //Add estimatedHours to scheduledCompletionDate\n    completiondate.setHours(completiondate.getHours() + esthours);\n    page.data.Workorders.scheduledCompletionDate = completiondate;\n\n}"
          }
        }
      }
    }
  },
  "isLaunchable" : false,
  "models" : {
    "dataObjects" : {
      "__GLOBAL__" : {
        "properties" : {
          "fullname" : {
            "defaultLabel" : "fullname",
            "type" : "String"
          }
        }
      },
      "__PARAMETERS__" : {
        "properties" : { }
      }
    },
    "dataStreams" : [ {
      "advancedWhereClause" : null,
      "dataObjectName" : null,
      "dataTypeList" : [ {
        "label" : null,
        "type" : "products"
      } ],
      "isDeleteOp" : false,
      "isInsertOp" : false,
      "isUpdateOp" : false,
      "maxRecords" : 0,
      "name" : "ce_products",
      "sortByProperty" : null,
      "sortDescending" : false,
      "type" : 5,
      "updateInterval" : 60,
      "uuid" : "9bb783c3-98de-4538-8067-2121bccda171",
      "v" : 1
    }, {
      "advancedWhereClause" : null,
      "dataObjectName" : null,
      "dataTypeList" : [ {
        "label" : null,
        "type" : "contacts"
      } ],
      "isDeleteOp" : false,
      "isInsertOp" : false,
      "isUpdateOp" : false,
      "maxRecords" : 0,
      "name" : "ce_contacts",
      "sortByProperty" : null,
      "sortDescending" : false,
      "type" : 5,
      "updateInterval" : 60,
      "uuid" : "e0c51b42-5086-4a0a-8e38-f25846f10482",
      "v" : 1
    }, {
      "advancedWhereClause" : null,
      "dataObjectName" : null,
      "dataTypeList" : [ {
        "label" : null,
        "type" : "skills"
      } ],
      "isDeleteOp" : false,
      "isInsertOp" : false,
      "isUpdateOp" : false,
      "maxRecords" : 0,
      "name" : "ce_skills",
      "sortByProperty" : null,
      "sortDescending" : false,
      "type" : 5,
      "updateInterval" : 60,
      "uuid" : "ce53d706-ce75-4727-87d1-821a1455616e",
      "v" : 1
    } ]
  },
  "name" : "ScheduleArrivalDateTime",
  "options" : {
    "badgeCount" : 0,
    "cssAssets" : [ "https://dev.vantiq.com/ui/docs/NS/bp_sitsm_v2/css/servicedeskmobile.css" ],
    "description" : "",
    "isExpertMode" : true,
    "showGridWhileEditing" : true,
    "theme" : {
      "accentColor1" : "#ff0000",
      "backgroundColor" : "#ffffff",
      "borderColor" : "#000000",
      "foregroundColor" : "#000000",
      "label" : "White",
      "name" : "white",
      "v" : 2
    },
    "v" : 3
  },
  "targetDevice" : "mobile",
  "userList" : [ ],
  "views" : {
    "Start" : {
      "bodyChildren" : [ {
        "CSSClass" : "vantiqStaticImage",
        "actionMenuLabel" : null,
        "actionMenuTopic" : null,
        "borderColor" : "Default",
        "borderWidth" : 0,
        "h" : 43,
        "heightPolicy" : 0,
        "horzGravity" : 4,
        "isDraggable" : true,
        "isScaleable" : false,
        "isSelectable" : true,
        "name" : "StaticImage8",
        "scale" : 1,
        "type" : "Img",
        "url" : "../cmn/assets/branding/defaultImage.png",
        "v" : 14,
        "vertGravity" : 4,
        "w" : 150,
        "widthPolicy" : 0,
        "x" : 115,
        "y" : 5
      }, {
        "CSSClass" : "vantiqSectionLabel",
        "actionMenuLabel" : null,
        "actionMenuTopic" : null,
        "borderColor" : "Default",
        "borderWidth" : 0,
        "h" : 42,
        "heightPolicy" : 0,
        "horzGravity" : 4,
        "horzMargin" : 2,
        "innerMargin" : 0,
        "isDraggable" : true,
        "isSelectable" : true,
        "label" : "Work Order Details",
        "labelAlign" : "left",
        "labelColor" : "#808080",
        "labelFontSize" : 18,
        "labelStyle" : "italic",
        "name" : "SectionLabel5",
        "type" : "PISection",
        "v" : 14,
        "vertGravity" : 4,
        "vertMargin" : 10,
        "w" : 370,
        "widthPolicy" : 2,
        "x" : 5,
        "y" : 53
      }, {
        "CSSClass" : "vantiqStaticText",
        "actionMenuLabel" : null,
        "actionMenuTopic" : null,
        "borderColor" : "Default",
        "borderWidth" : 0,
        "fontFace" : "inherit",
        "fontSize" : 20,
        "fontStyle" : "normal",
        "fontWeight" : "normal",
        "h" : 26,
        "heightPolicy" : 0,
        "horzGravity" : 4,
        "isDraggable" : true,
        "isSelectable" : true,
        "name" : "StaticText71826",
        "text" : "Customer: ${workorder.customer}",
        "type" : "TextLabel",
        "v" : 14,
        "vertGravity" : 4,
        "w" : 282,
        "widthPolicy" : 0,
        "x" : 49,
        "y" : 100
      }, {
        "CSSClass" : "vantiqMultilineInput",
        "actionMenuLabel" : null,
        "actionMenuTopic" : null,
        "borderColor" : "Default",
        "borderWidth" : 0,
        "default" : "${workorder.description}",
        "h" : 145,
        "heightPolicy" : 0,
        "horzGravity" : 4,
        "horzMargin" : 10,
        "innerMargin" : 0,
        "isDraggable" : true,
        "isReadOnly" : true,
        "isSelectable" : true,
        "label" : "Description",
        "labelAlign" : "center",
        "labelColor" : "#000000",
        "labelFontSize" : 14,
        "labelStyle" : "plain",
        "name" : "MultilineInput2",
        "optional" : true,
        "placeholder" : "",
        "rows" : 5,
        "type" : "PIMultilineInputString",
        "v" : 14,
        "vertGravity" : 4,
        "vertMargin" : 10,
        "w" : 370,
        "widthPolicy" : 2,
        "wordwrap" : true,
        "x" : 5,
        "y" : 131
      }, {
        "CSSClass" : "vantiqStaticText",
        "actionMenuLabel" : null,
        "actionMenuTopic" : null,
        "borderColor" : "Default",
        "borderWidth" : 0,
        "fontFace" : "inherit",
        "fontSize" : 20,
        "fontStyle" : "normal",
        "fontWeight" : "normal",
        "h" : 26,
        "heightPolicy" : 0,
        "horzGravity" : 4,
        "isDraggable" : true,
        "isSelectable" : true,
        "name" : "StaticText71827",
        "text" : "Title: ${workorder.summary}",
        "type" : "TextLabel",
        "v" : 14,
        "vertGravity" : 4,
        "w" : 239,
        "widthPolicy" : 0,
        "x" : 70.5,
        "y" : 281
      }, {
        "CSSClass" : "vantiqStaticText",
        "actionMenuLabel" : null,
        "actionMenuTopic" : null,
        "borderColor" : "Default",
        "borderWidth" : 0,
        "fontFace" : "inherit",
        "fontSize" : 20,
        "fontStyle" : "normal",
        "fontWeight" : "normal",
        "h" : 26,
        "heightPolicy" : 0,
        "horzGravity" : 4,
        "isDraggable" : true,
        "isSelectable" : true,
        "name" : "StaticText71825",
        "text" : "Priority: ${workorder.priority}",
        "type" : "TextLabel",
        "v" : 14,
        "vertGravity" : 4,
        "w" : 246,
        "widthPolicy" : 0,
        "x" : 67,
        "y" : 312
      }, {
        "CSSClass" : "vantiqStaticText",
        "actionMenuLabel" : null,
        "actionMenuTopic" : null,
        "borderColor" : "Default",
        "borderWidth" : 0,
        "fontFace" : "inherit",
        "fontSize" : 20,
        "fontStyle" : "normal",
        "fontWeight" : "normal",
        "h" : 26,
        "heightPolicy" : 0,
        "horzGravity" : 4,
        "isDraggable" : true,
        "isSelectable" : true,
        "name" : "StaticText71823",
        "text" : "Activity: ${workorder.activitytype}",
        "type" : "TextLabel",
        "v" : 14,
        "vertGravity" : 4,
        "w" : 282,
        "widthPolicy" : 0,
        "x" : 49,
        "y" : 343
      }, {
        "CSSClass" : "vantiqSectionLabel",
        "actionMenuLabel" : null,
        "actionMenuTopic" : null,
        "borderColor" : "Default",
        "borderWidth" : 0,
        "h" : 42,
        "heightPolicy" : 0,
        "horzGravity" : 4,
        "horzMargin" : 2,
        "innerMargin" : 0,
        "isDraggable" : true,
        "isSelectable" : true,
        "label" : "Contacts",
        "labelAlign" : "left",
        "labelColor" : "#808080",
        "labelFontSize" : 18,
        "labelStyle" : "italic",
        "name" : "SectionLabel9660",
        "type" : "PISection",
        "v" : 14,
        "vertGravity" : 4,
        "vertMargin" : 10,
        "w" : 370,
        "widthPolicy" : 2,
        "x" : 5,
        "y" : 374
      }, {
        "CSSClass" : "vantiqDataTable",
        "actionMenuLabel" : null,
        "actionMenuTopic" : null,
        "borderColor" : "Default",
        "borderWidth" : 1,
        "cellFontColor" : "#000000",
        "cellFontFace" : "inherit",
        "cellFontSize" : 14,
        "cellFontStyle" : "plain",
        "columns" : [ {
          "colorRules" : null,
          "dataType" : "String",
          "propertyName" : "firstname",
          "selected" : false,
          "title" : "firstname"
        }, {
          "colorRules" : null,
          "dataType" : "String",
          "propertyName" : "lastname",
          "selected" : false,
          "title" : "lastname"
        }, {
          "colorRules" : null,
          "dataType" : "String",
          "propertyName" : "phone",
          "selected" : false,
          "title" : "phone"
        } ],
        "dataStreamGroupedByFiltersString" : "",
        "dataStreamPropertyList" : [ ],
        "dataStreamUUID" : "e0c51b42-5086-4a0a-8e38-f25846f10482",
        "dataType" : null,
        "h" : 211,
        "headerFontColor" : "#000000",
        "headerFontFace" : "inherit",
        "headerFontSize" : 14,
        "headerFontStyle" : "plain",
        "heightPolicy" : 0,
        "horzGravity" : 4,
        "isDraggable" : true,
        "isSelectable" : true,
        "name" : "DataTable946",
        "operation" : "insert",
        "propertyName" : null,
        "rowsPerPage" : 3,
        "type" : "DataTableWidget",
        "v" : 14,
        "vertGravity" : 4,
        "w" : 370,
        "widthPolicy" : 2,
        "x" : 5,
        "y" : 421
      }, {
        "CSSClass" : "vantiqSectionLabel",
        "actionMenuLabel" : null,
        "actionMenuTopic" : null,
        "borderColor" : "Default",
        "borderWidth" : 0,
        "h" : 42,
        "heightPolicy" : 0,
        "horzGravity" : 4,
        "horzMargin" : 2,
        "innerMargin" : 0,
        "isDraggable" : true,
        "isSelectable" : true,
        "label" : "Address",
        "labelAlign" : "left",
        "labelColor" : "#808080",
        "labelFontSize" : 18,
        "labelStyle" : "italic",
        "name" : "SectionLabel9661",
        "type" : "PISection",
        "v" : 14,
        "vertGravity" : 4,
        "vertMargin" : 10,
        "w" : 370,
        "widthPolicy" : 2,
        "x" : 5,
        "y" : 637
      }, {
        "CSSClass" : "vantiqMultilineInput",
        "actionMenuLabel" : null,
        "actionMenuTopic" : null,
        "borderColor" : "Default",
        "borderWidth" : 0,
        "default" : "${workorder.address}",
        "h" : 128,
        "heightPolicy" : 0,
        "horzGravity" : 4,
        "horzMargin" : 10,
        "innerMargin" : 0,
        "isDraggable" : true,
        "isReadOnly" : true,
        "isSelectable" : true,
        "label" : "",
        "labelAlign" : "center",
        "labelColor" : "#000000",
        "labelFontSize" : 14,
        "labelStyle" : "plain",
        "name" : "MultilineInput1",
        "optional" : true,
        "placeholder" : "",
        "rows" : 5,
        "type" : "PIMultilineInputString",
        "v" : 14,
        "vertGravity" : 4,
        "vertMargin" : 10,
        "w" : 370,
        "widthPolicy" : 2,
        "wordwrap" : true,
        "x" : 5,
        "y" : 684
      }, {
        "CSSClass" : "vantiqInputDateTime",
        "actionMenuLabel" : null,
        "actionMenuTopic" : null,
        "binding" : "page.data.Workorders.scheduledArrivalDate",
        "borderColor" : "Default",
        "borderWidth" : 0,
        "h" : 70,
        "heightPolicy" : 0,
        "horzGravity" : 4,
        "horzMargin" : 10,
        "innerMargin" : 0,
        "isDraggable" : true,
        "isReadOnly" : false,
        "isSelectable" : true,
        "label" : "Arrival Data",
        "labelAlign" : "center",
        "labelColor" : "#000000",
        "labelFontSize" : 14,
        "labelStyle" : "plain",
        "name" : "InputDateTime1",
        "optional" : true,
        "type" : "PIDateTime",
        "v" : 14,
        "vertGravity" : 4,
        "vertMargin" : 10,
        "w" : 370,
        "widthPolicy" : 2,
        "x" : 5,
        "y" : 817
      }, {
        "CSSClass" : "vantiqInputDateTime",
        "actionMenuLabel" : null,
        "actionMenuTopic" : null,
        "binding" : "page.data.Workorders.scheduledCompletionDate",
        "borderColor" : "Default",
        "borderWidth" : 0,
        "h" : 70,
        "heightPolicy" : 0,
        "horzGravity" : 4,
        "horzMargin" : 10,
        "innerMargin" : 0,
        "isDraggable" : true,
        "isReadOnly" : false,
        "isSelectable" : true,
        "label" : "Estimated completion time",
        "labelAlign" : "center",
        "labelColor" : "#000000",
        "labelFontSize" : 14,
        "labelStyle" : "plain",
        "name" : "InputDateTime2",
        "optional" : true,
        "type" : "PIDateTime",
        "v" : 14,
        "vertGravity" : 4,
        "vertMargin" : 10,
        "w" : 370,
        "widthPolicy" : 2,
        "x" : 5,
        "y" : 892
      }, {
        "CSSClass" : "vantiqHorizontalLayout",
        "actionMenuLabel" : null,
        "actionMenuTopic" : null,
        "borderColor" : "Default",
        "borderWidth" : 0,
        "h" : 77,
        "heightPolicy" : 0,
        "horzGravity" : 4,
        "horzMargin" : 10,
        "innerMargin" : 20,
        "isDraggable" : true,
        "isSelectable" : true,
        "kids" : [ {
          "CSSClass" : "vantiqButton",
          "actionMenuLabel" : null,
          "actionMenuTopic" : null,
          "borderColor" : "Default",
          "borderWidth" : 0,
          "buttonBackgroundColor" : "platform",
          "buttonLabel" : "Schedule Arrival",
          "buttonLabelColor" : "platform",
          "buttonLabelSize" : 22,
          "buttonLabelStyle" : "plain",
          "h" : 57,
          "heightPolicy" : 0,
          "horzGravity" : 4,
          "horzMargin" : 10,
          "innerMargin" : 0,
          "isDraggable" : true,
          "isSelectable" : true,
          "label" : "",
          "labelAlign" : "center",
          "labelColor" : "#000000",
          "labelFontSize" : 14,
          "labelStyle" : "plain",
          "name" : "Button6",
          "type" : "PIInlineButton",
          "v" : 14,
          "value" : 100,
          "vertGravity" : 4,
          "vertMargin" : 10,
          "w" : 184,
          "widthPolicy" : 0,
          "x" : 93,
          "y" : 10
        } ],
        "name" : "HorizontalLayout13",
        "type" : "HorizontalContainer",
        "v" : 14,
        "vertGravity" : 4,
        "vertMargin" : 10,
        "w" : 370,
        "widthPolicy" : 2,
        "x" : 5,
        "y" : 967
      }, {
        "CSSClass" : "vantiqInputString",
        "actionMenuLabel" : null,
        "actionMenuTopic" : null,
        "binding" : "page.data.username",
        "borderColor" : "Default",
        "borderWidth" : 0,
        "default" : "",
        "h" : 70,
        "heightPolicy" : 0,
        "horzGravity" : 4,
        "horzMargin" : 10,
        "innerMargin" : 0,
        "isDraggable" : true,
        "isPassword" : false,
        "isReadOnly" : true,
        "isSelectable" : true,
        "label" : "username",
        "labelAlign" : "center",
        "labelColor" : "#000000",
        "labelFontSize" : 14,
        "labelStyle" : "plain",
        "name" : "username",
        "optional" : true,
        "placeholder" : "",
        "type" : "PIInputString",
        "v" : 14,
        "vertGravity" : 4,
        "vertMargin" : 10,
        "w" : 370,
        "widthPolicy" : 2,
        "x" : 5,
        "y" : 1049
      } ],
      "data" : {
        "properties" : {
          "Workorders" : {
            "defaultLabel" : "Workorders",
            "type" : "TypedObject",
            "typedObject" : {
              "properties" : {
                "activitytype" : {
                  "defaultLabel" : "activitytype",
                  "type" : "String"
                },
                "actualArrivalDate" : {
                  "defaultLabel" : "actualArrivalDate",
                  "type" : "DateTime"
                },
                "actualCompletionDate" : {
                  "defaultLabel" : "actualCompletionDate",
                  "type" : "DateTime"
                },
                "actualStartDate" : {
                  "defaultLabel" : "actualStartDate",
                  "type" : "DateTime"
                },
                "address" : {
                  "defaultLabel" : "address",
                  "type" : "String"
                },
                "assets" : {
                  "defaultLabel" : "assets",
                  "isArray" : true,
                  "type" : "Object"
                },
                "closedDate" : {
                  "defaultLabel" : "closedDate",
                  "type" : "DateTime"
                },
                "closedNotes" : {
                  "defaultLabel" : "closedNotes",
                  "type" : "String"
                },
                "closedresult" : {
                  "defaultLabel" : "closedresult",
                  "type" : "String"
                },
                "contacts" : {
                  "defaultLabel" : "contacts",
                  "isArray" : true,
                  "type" : "Object"
                },
                "creationDate" : {
                  "defaultLabel" : "creationDate",
                  "type" : "DateTime"
                },
                "customer" : {
                  "defaultLabel" : "customer",
                  "type" : "String"
                },
                "customerId" : {
                  "defaultLabel" : "customerId",
                  "type" : "String"
                },
                "description" : {
                  "defaultLabel" : "description",
                  "type" : "String"
                },
                "estimatedHours" : {
                  "defaultLabel" : "estimatedHours",
                  "type" : "Real"
                },
                "geolocation" : {
                  "defaultLabel" : "geolocation",
                  "type" : "GeoJSON"
                },
                "id" : {
                  "defaultLabel" : "id",
                  "type" : "String"
                },
                "impact" : {
                  "defaultLabel" : "impact",
                  "type" : "String"
                },
                "location" : {
                  "defaultLabel" : "location",
                  "type" : "String"
                },
                "notes" : {
                  "defaultLabel" : "notes",
                  "isArray" : true,
                  "type" : "Object"
                },
                "notificationList_Customer" : {
                  "defaultLabel" : "notificationList_Customer",
                  "type" : "Object"
                },
                "notificationList_Internal" : {
                  "defaultLabel" : "notificationList_Internal",
                  "type" : "Object"
                },
                "priority" : {
                  "defaultLabel" : "priority",
                  "type" : "String"
                },
                "resolution" : {
                  "defaultLabel" : "resolution",
                  "type" : "String"
                },
                "scheduledArrivalDate" : {
                  "defaultLabel" : "scheduledArrivalDate",
                  "type" : "DateTime"
                },
                "scheduledCompletionDate" : {
                  "defaultLabel" : "scheduledCompletionDate",
                  "type" : "DateTime"
                },
                "servicedeskowner" : {
                  "defaultLabel" : "servicedeskowner",
                  "type" : "String"
                },
                "skills" : {
                  "defaultLabel" : "skills",
                  "isArray" : true,
                  "type" : "Object"
                },
                "status" : {
                  "defaultLabel" : "status",
                  "type" : "String"
                },
                "summary" : {
                  "defaultLabel" : "summary",
                  "type" : "String"
                },
                "techAssignmentDate" : {
                  "defaultLabel" : "techAssignmentDate",
                  "type" : "DateTime"
                },
                "techId" : {
                  "defaultLabel" : "techId",
                  "type" : "String"
                },
                "techlevel" : {
                  "defaultLabel" : "techlevel",
                  "type" : "String"
                },
                "techname" : {
                  "defaultLabel" : "techname",
                  "type" : "String"
                },
                "ticketId" : {
                  "defaultLabel" : "ticketId",
                  "type" : "String"
                }
              },
              "type" : "Workorders"
            }
          },
          "username" : {
            "defaultLabel" : "username",
            "type" : "String"
          }
        }
      },
      "fields" : [ ],
      "footerChildren" : [ ],
      "layoutType" : "mobile",
      "responseTopic" : "/notifications/TechnicianDispatch/ScheduleArrivalDateTime"
    }
  }
}