{
  "ars_properties" : {
    "tags" : [ "#launchable" ]
  },
  "controllers" : {
    "client" : {
      "customCode" : "/*jshint esversion: 6 */\n// function uuidv4 required the above line to pass the lint syntax checker\n\n//Upsert function\nfunction upsert(resource, data, client, callback){\n    var http = new Http();\n    http.setVantiqUrlForResource(resource);\n    http.setVantiqHeaders();\n    http.upsert(data,function(response)\n    {\n        console.log(\"SUCCESS: \" + JSON.stringify(response));\n        if(callback){\n            callback();\n        }\n    },\n    function(errors)\n    {\n        client.showHttpErrors(errors,\"Doing an upsert of \" + resource);\n    });\n}\n\n\nfunction select(resource, params, client, callback){   \n    var http = new Http();\n    http.setVantiqUrlForResource(resource);\n    http.setVantiqHeaders();\n\n    // if no params then limit to 50 sort by create date, newest first\n\tif (!params){\n        params = {\n            sort:{\"ars_createdAt\":-1},\n            limit:50\n        };\n    }\n\n    http.select(params,function(response)\n    {\n        console.log(\"SUCCESS: \" + JSON.stringify(response));\n        if (callback)\n            callback(response);   \n    },\n    function(errors)\n    {\n        // client.showHttpErrors(errors,\"Doing a select on: \" + resource);\n        console.log(errors,\"Doing a select on: \" + resource);\n    });\n}\n\nfunction update(resource, data, dbid, client, callback){\n    \n    var http = new Http();\n    http.setVantiqUrlForResource(resource);\n    http.setVantiqHeaders();\n\n    http.update(data,dbid,function(response)\n    {\n        console.log(\"SUCCESS: \" + JSON.stringify(response));\n        if (callback)\n            callback();\n    },\n    function(errors)\n    {\n        client.showHttpErrors(errors,\"Doing an update of an existing: \" + resource);\n        console.log(errors,\"Doing an update of an existing: \" + resource);\n    });    \n}\n\nfunction selectOne(resource, dbid, client, callback){\n    var http = new Http();\n    http.setVantiqUrlForResource(resource);\n    http.setVantiqHeaders();\n\n\n    http.selectOne(dbid,null,function(response)\n    {\n        console.log(\"SUCCESS: \" + JSON.stringify(response));\n        if (callback)\n            callback(response); \n    },\n    function(errors)\n    {\n        client.showHttpErrors(errors,\"Doing a select on a single '\" + resource + \"'\");\n    });    \n    \n}\n\n// Functions to generate colors based on hashcode of a string (both fore/background)\nfunction convertColor(color) {\n  /* Check for # infront of the value, if it's there, strip it */\n\n  if(color.substring(0,1) == '#') {\n     color = color.substring(1);\n   }\n\n  var rgbColor = [];\n\n  /* Grab each pair (channel) of hex values and parse them to ints using hexadecimal decoding */\n  rgbColor[0] = parseInt(color.substring(0,2),16);\n  rgbColor[1] = parseInt(color.substring(2,4),16);\n  rgbColor[2] = parseInt(color.substring(4),16);\n\n  return rgbColor;\n }\n\nfunction LightenDarkenColor(col,amt) {\n    var num = parseInt(col,16);\n    var r = (num >> 16) + amt;\n    var b = ((num >> 8) & 0x00FF) + amt;\n    var g = (num & 0x0000FF) + amt;\n    var newColor = g | (b << 8) | (r << 16);\n    return newColor.toString(16);\n}\n\nfunction hashCode(str) { // java String#hashCode\n    var hash = 0;\n    for (var i = 0; i < str.length; i++) {\n        hash = str.charCodeAt(i) + ((hash << 5) - hash);\n    }\n    return hash;\n} \n\nfunction intToRGB(i){\n    var c = (i & 0x00FFFFFF)\n    .toString(16)\n    .toUpperCase();\n\n    return \"00000\".substring(0, 6 - c.length) + c;\n}\n\nfunction getColors(str){\n    var color = intToRGB(\"#0080ff\"); // Default if str is empty\n    if (str) {\n        color = intToRGB(hashCode(str));\n    }\n    var rgbcolor = convertColor(color);\n    var o = Math.round(((parseInt(rgbcolor[0]) * 299) +\n                        (parseInt(rgbcolor[1]) * 587) +\n                        (parseInt(rgbcolor[2]) * 114)) / 1000);\n    var fore = (o > 125) ? '#000000' : '#FFFFFF';  // black=000000, white=FFFFFF\n  \tvar back = '#'+color;\n    //console.log (\"getColors -> \" + fore + \" / \" + back + \" (\" + color + \")\");\n    return {text: fore, background: back};\n}\n\n\n//Function to generate UUID for unique record ID in data objects\nfunction uuid(callback){\n    var http = new Http();\n    http.setVantiqUrlForSystemResource(\"procedures\");\n    http.setVantiqHeaders();\n    var args = {};\n    http.execute(args,\"generateUUID\",function(response)\n    {\n        //console.log(\"SUCCESS: \" + JSON.stringify(response));\n        if (callback)\n            callback(response);\n    },\n    function(errors)\n    {\n        // client.showHttpErrors(errors,\"generateUUID\");\n    });\n}\n\n// Function to get uuid - client side processing \n// (https://stackoverflow.com/questions/105034/create-guid-uuid-in-javascript)\n// This function requires the first line of the file to contain \"/*jshint esversion: 6 */\"  \n// Without it, the syntax checker reports and error. (See above)\nfunction uuidv4() {\n  return ([1e7]+-1e3+-4e3+-8e3+-1e11).replace(/[018]/g, c =>\n    (c ^ crypto.getRandomValues(new Uint8Array(1))[0] & 15 >> c / 4).toString(16)\n  );\n}\n\n",
      "onStart" : "client.data.username = client.getUsername();"
    },
    "dataStream" : {
      "ce_Contacts" : { },
      "ce_Materials" : { },
      "ce_Tickets" : { },
      "ce_Workorders" : { },
      "ce_workordernotes" : { }
    },
    "page" : {
      "Start" : {
        "onStart" : "var imageUrl = \"../docs/NS/bp_sitsm_v2/images/fsm.jpg\";\n$('#backdiv').css('background-image', 'url(' + imageUrl + ')');",
        "widgets" : { }
      },
      "calendar" : {
        "onClientStart" : "/* ---------------------------  initialize the calendar --------------------------- */\n\nthis.data.calendar.init = function(){\n    $('#calendar').fullCalendar({\n        defaultView: 'agendaThreeDay',\n        header: {\n            left: 'prev,next today',\n            center: 'title',\n            right: 'agendaDay,agendaThreeDay'\n        },\n        views: {\n        \tagendaThreeDay: {\n          \t\ttype: 'agenda',\n\t\t\t\tduration: {\n                    days: 3 \n                }\n        \t}\n      \t},\n        height: 450,\n        editable: false,\n        events : function(start, end, timezone, callback){\n            \n            console.log(start);\n            console.log(end);\n\t\t\tvar query = {};\n\t\t\tquery.props = [\"id\", \"activitytype\", \"summary\", \"description\", \"customer\", \"customerId\",\n\t\t\t\t\t\t\t\"priority\", \"skills\", \"estimatedHours\", \"status\", \"techId\", \"techname\",\n\t\t\t\t\t\t\t\"servicedeskowner\", \"scheduledArrivalDate\", \"scheduledCompletionDate\", \n\t\t\t\t\t\t\t\"techAssignmentDate\", \"actualArrivalDate\", \"actualCompletionDate\"];\n\t\t\tquery.where = {};\n            query.where.scheduledArrivalDate = {$gte:moment(start.format()).toISOString(),\n\t\t\t\t\t\t\t\t\t\t\t    $lt:moment(end.format()).toISOString()};\n            query.where.techId = client.getUsername() ;\n            var events = [];\n\t\t\tselect(\"Workorders\", query, client, function(response){\n\n                response.forEach(function (item){\n\t\t\t\t\tvar wo = {};\n\t\t\t\t\two.id = item.id;\n\t\t\t\t\two.activitytype = item.activitytype;\n\t\t\t\t\two.summary = item.summary;\n\t\t\t\t\two.description = item.description;\n\t\t\t\t\two.customer = item.customer;\n\t\t\t\t\two.customerId = item.customerId;\n\t\t\t\t\two.priority = item.priority;\n\t\t\t\t\two.skills = item.skills;\n\t\t\t\t\two.estimatedHours = item.estimatedHours;\n\t\t\t\t\two.status = item.status;\n\t\t\t\t\two.techId = item.techId;\n\t\t\t\t\two.techname = item.techname;\n\t\t\t\t\two.servicedeskowner = item.servicedeskowner;\n\t\t\t\t\two.scheduledArrivalDate = item.scheduledArrivalDate;\n\t\t\t\t\two.scheduledCompletionDate = item.scheduledCompletionDate;\n\t\t\t\t\two.techAssignmentDate = item.techAssignmentDate;\n\t\t\t\t\two.actualArrivalDate = item.actualArrivalDate;\n\t\t\t\t\two.actualCompletionDate = item.actualCompletionDate;\n\n                    var obj ={};\n\t\t\t\t\t// Determine if the wo can be editable\n\t\t\t\t\tif (wo.actualArrivalDate) {  // not editable if started\n\t\t\t\t\t\tobj.editable = false;\n\t\t\t\t\t\tif (wo.actualCompletionDate) { // wo is done\n\t\t\t\t\t\t\tif (wo.actualArrivalDate === wo.actualCompletionDate) { // all-day event\n\t\t\t\t\t\t\t\t// UTC format\n\t\t\t\t\t\t\t\tobj.start = $.fullCalendar.moment.utc(wo.actualArrivalDate).format(\"YYYY-MM-DD\");\n\t\t\t\t\t\t\t} else {\n\t\t\t\t\t\t\t\tobj.start = wo.actualArrivalDate;\n\t\t\t\t\t\t\t\tobj.end = wo.actualCompletionDate;\n\t\t\t\t\t\t\t}\n\t\t\t\t\t\t} else {  // wo is in progress, use scheduled dates for the calendar\n\t\t\t\t\t\t\tif (wo.scheduledArrivalDate === wo.scheduledCompletionDate) { // all-day event\n\t\t\t\t\t\t\t\tobj.start = $.fullCalendar.moment.utc(wo.scheduledArrivalDate).format(\"YYYY-MM-DD\");\n\t\t\t\t\t\t\t} else {\n\t\t\t\t\t\t\t\tobj.start = wo.scheduledArrivalDate;\n\t\t\t\t\t\t\t\tobj.end = wo.scheduledCompletionDate;\n\t\t\t\t\t\t\t}\n\t\t\t\t\t\t}\t\t\n\t\t\t\t\t} else {\n\t\t\t\t\t\t// identify if an all-day event or not\n\t\t\t\t\t\tif (wo.scheduledArrivalDate === wo.scheduledCompletionDate) { // all-day event\n\t\t\t\t\t\t\tobj.editable = true;\n\t\t\t\t\t\t\tobj.start = $.fullCalendar.moment.utc(wo.scheduledArrivalDate).format(\"YYYY-MM-DD\");\n\t\t\t\t\t\t} else {\n\t\t\t\t\t\t\tobj.editable = false;\n\t\t\t\t\t\t\tobj.start = wo.scheduledArrivalDate;\n\t\t\t\t\t\t\tobj.end = wo.scheduledCompletionDate;\n\t\t\t\t\t\t}\n\t\t\t\t\t}\n\n\t\t\t\t\t// Colors for the selectable technicians based on their ID\n\t\t            var colors = getColors(wo.techId);\n\n                    // Set the other data for the event\n\t\t\t\t\tobj.title = wo.summary;\n\t\t\t\t\tobj.id = uuidv4();\n\t\t\t\t\tobj.textColor = colors.text;\n\t\t\t\t\tobj.backgroundColor = colors.background;\n\t\t\t\t\tobj.borderColor = colors.background;\n\t\t\t\t\tobj.assigned = wo.techId ? true : false;\n\t\t\t\t\tobj.techId = wo.techId;\n\t\t\t\t\tobj.newEvent = null;\n\t\t\t\t\tobj.workorder = wo;  // limited properties (see above)\n\t\t\t\t\tevents.push(obj);\n\t\t\t\t});\n\t\t\t\t\n\t\t\t\tcallback(events);\n\n            });\n        },\n        timezone: \"local\",\n        droppable: true, // this allows things to be dropped onto the calendar\n        drop: function(date, jsEvent, ui, resourceId) {\n\t\t\t// This callback is not called on the mobile - nothing to drop\n\t\t\tconsole.log(\"(Drop event) \" + $(this).data('event').title + \" was dropped on \" + date.format());\n\t\t\tconsole.log($(this).data('event'));\n\n        },\n        eventDrop: function(event, delta, revertFunc){\n\t\t\t// Triggered when dragging stops and the event has moved to a different day/time.\n\n            // watch out for full day events as there is no end and will error\n\t\t\tconsole.log(\"(eventDrop event) \" + event.title + \" will start on \" + event.start.format());\n\t\t\tconsole.log(event);\n\n            var sdate, edate;\n\n\t\t\tsdate = moment(event.start);\n\n\t\t\t// For all day events, you don't want to have an event.end\n\t\t\tif (event.end){\n\t\t\t\tedate = moment(event.end);\n\t\t\t} else {\n\t\t\t\tedate = sdate;  \n\t\t\t}\n\n\t\t\t// update the event with updated information\n\t\t\tevent.workorder.scheduledArrivalDate = moment(sdate.format()).toISOString();\n\t\t\tevent.workorder.scheduledCompletionDate = moment(edate.format()).toISOString();\n\t\t\t\t\n\t\t\t$('#calendar').fullCalendar('updateEvent', event);\n\t\t\tconsole.log(event.title + \" (eventDrop event) UPDATED\");\n\t\t\tconsole.log(event);\n            \n\t\t\tupsert(\"Workorders\", event.workorder, client, function(response){\n\t\t\t\tconsole.log(\"(eventDrop event) - updated database\");\n\t\t\t});\n\n        },\n\t\teventResize: function( event, delta, revertFunc, jsEvent, ui, view ) {\n\t\t\t// Triggered when resizing stops and the event has changed in duration.\n\t\t\t\n\t\t\tconsole.log(event.title + \" start is now \" + event.start.format());\n\t\t\tconsole.log(event.title + \" end is now \" + event.end.format());\n\t\t\tconsole.log(event);\n\n\t\t\t// update the event with the new planned conmpletion date\n\t\t\tvar edate = moment(event.end);\n\t\t\t\n\t\t\t// update the estimated hours\n\t\t\tvar duration = moment.duration(edate.diff(moment(event.start)));\n\t\t\tevent.workorder.estimatedHours = duration.asHours();\n\n\t\t\t// update the event with updated information\n\t\t\tevent.workorder.scheduledCompletionDate = moment(edate.format()).toISOString();\n\t\t\t\t\n\t\t\t$('#calendar').fullCalendar('updateEvent', event);\n\t\t\tconsole.log(event.title + \" (eventResize event) UPDATED\");\n\n\t\t\tupsert(\"Workorders\", event.workorder, client, function(response){\n\t\t\t\tconsole.log(\"(eventResize event) - updated database, \" + response);\n            });\n\t\t},\n        eventReceive: function(event){\n            // console.log(event.id);\n\n        },\n        eventRender: function(event, el) {\n            el.bind('dblclick', function() {\n         \t\tclient.infoDialog('double click!','info');\n      \t\t});\n            // render the timezone offset below the event title\n            /*\n\t\t\tif (event.start.hasZone()) {\n                el.find('.fc-title').after(\n                $('<div class=\"tzo\"/>').text(event.start.format('Z'))\n              );\n            }\n\t\t\t*/\n        },\n        eventClick: function(calEvent, jsEvent, view) {\n\n            var cview = $('#calendar').fullCalendar('getView');\n            // alert(\"The view's title is \" + view.title);\n\n            console.log(view.name);\n            //if (cview.name === \"agendaThreeDay\")\n            //    $('#calendar').fullCalendar('changeView', 'agendaDay', calEvent.start);\n\t\t\t//else\n            \tvar wo_param = {};\n            \two_param.where = {};\n            \two_param.where.id = calEvent.workorder.id;\n            \tselect(\"Workorders\", wo_param, client, function(response) {\n\t\t\t\t\tif (response) {\n                        client.goToPage(\"workorderpage\", response[0]);\n                    }                  \n                });\n        },\n        loading: function(isLoading, view) {\n            if (isLoading) {\n                // client.getWidget(\"loadingImage\").isVisible = true;\n            } else {\n                // client.getWidget(\"loadingImage\").isVisible = false;\n            }\n        }\n\n\t});                                        \n};\n\n",
        "onStart" : "// Initialize the calendar and remove any existing calendar events from a previous display\nthis.data.calendar.init();\n//$('#calendar').fullCalendar('removeEvents');\n\n",
        "widgets" : { }
      },
      "contactpage" : {
        "onStart" : "this.data.Contacts = parameters.contacts;\nthis.data.dbid = parameters._id;",
        "widgets" : {
          "Button107898" : {
            "onClick" : "var params = {};\nparams._id = page.data.dbid;\nclient.returnToCallingPage(params);"
          }
        }
      },
      "contactslistview" : {
        "onStart" : "this.data.customerid = parameters.customerId;\nthis.data.customer = parameters.customer;\nthis.data.dbid = parameters._id;\n\n\nvar paramsContacts = {\n    where: {companyid:parameters.customerId}\n};\n\nselect(\"Contacts\", paramsContacts, client, function(response){\n    client.sendClientEvent(\"ce_Contacts\",response);\n});\n\n",
        "widgets" : {
          "Button109484" : {
            "onClick" : "selectOne(\"Workorders\", page.data.dbid, client, function(response) {       \n    //var value = page.data.Contacts;        \n    var data = {};\n    data.contacts = response.contacts;\n    data.contacts.push(page.data.contact);\n    console.log(\"This is the final array entry after the push - \" + JSON.stringify(data));\n    update(\"Workorders\", data, page.data.dbid, client, function(){\n\t\tvar params = {};\n        params._id = page.data.dbid;\n        client.returnToCallingPage(params);\n\t});\n    \n});\n\n\n\n"
          },
          "Button109485" : {
            "onClick" : "var params = {};\nparams._id = page.data.dbid;\nclient.returnToCallingPage(params);"
          },
          "DataTable2907" : {
            "onSelect" : "//page.data.Contacts = extra;\n\npage.data.contact = extra;"
          }
        }
      },
      "notedetail" : {
        "onStart" : "this.data.dbid = parameters._id;\nthis.data.notes.techname = parameters.techname;\nthis.data.notes.techId = parameters.techId;\nthis.data.notes.note = parameters.note;\nthis.data.notes.time = parameters.time;\n",
        "widgets" : {
          "Button107911" : {
            "onClick" : "console.log(\"DB_id \" + page.data.dbid);\n\nvar params = {};\nparams._id = page.data.dbid;\nclient.returnToCallingPage(params);"
          },
          "Button107912" : {
            "onClick" : "selectOne(\"Workorders\", page.data.dbid, client, function(response) {    \n    var data = {};\n    data.notes = response.notes;\n    data.notes.push({note:page.data.notes.note, time:page.data.notes.time, techId:page.data.notes.techId, techname:page.data.notes.techname});\n    \n    update(\"Workorders\", data, page.data.dbid, client, function(){\n\t\tvar params = {};\n        params._id = page.data.dbid;\n        client.returnToCallingPage(params);\n\t});\n    \n});\n\n\n\n"
          }
        }
      },
      "workorderpage" : {
        "onStart" : "var thisCopy = this;\nthis.data.Workorders.initializeToDefaultValues();\nthis.data.dbid = parameters._id;\n\nif(parameters){\n    var params = {where:{_id:parameters._id}};\n    loadparameters(params, function(wo) {              \n        var workorders = wo[0];\n        thisCopy.data.Workorders = workorders;      \n        client.sendClientEvent(\"ce_Materials\", workorders.assets);\n        client.sendClientEvent(\"ce_Contacts\", workorders.contacts);\n        client.sendClientEvent(\"ce_workordernotes\", workorders.notes);\n\n        //Fill service desk users menu\n        var paramUser = {\n            where: {username:workorders.servicedeskowner}\n        };\n\n        select(\"Users\", paramUser, client, function(response){\n            console.log(\"Success Users --- \" + JSON.stringify(response));\n            fullname = response[0].fname + \" \" + response[0].lname;  \n            thisCopy.data.fullname = fullname;\n        });\n\n        // get the list of locations for the customer\n        var paramLoc = {\n            where: {customerid:{\"$eq\":workorders.customerId}}\n        };\n\n        select(\"Locations\", paramLoc, client, function(response){\n            console.log(\"Success Locations --- \" + JSON.stringify(response));\n            var listItems = [{\"value\":\"-select-\", \"label\":\"- select -\"}];\n            $(response).each(function(index, item) {\n                var value = item.id;\n                var obj = {\"value\":value, \"label\":item.name};\n                listItems.push(obj);\n            });\n            var locationList = client.getWidget(\"locations1\");\n            locationList.enumeratedList = listItems;\n        });\n\t\t\t\n    });\n}\nelse {\n     client.infoDialog(\"No Workorder selected\");\n}\n\nfunction loadparameters(params, callback){\n    select(\"Workorders\", params , client, function(response){\n        return callback(response);\n\n\t});\n}",
        "widgets" : {
          "Button107863" : {
            "onClick" : "var params = {};\nparams._id = page.data.dbid;\nparams.techId = page.data.Workorders.techId;\nparams.techname = page.data.Workorders.techname;\nparams.time = Date.now();\nclient.goToPage(\"notedetail\", params);"
          },
          "Button109758" : {
            "onClick" : "var date = new Date();\nvar obj = {};\nobj.username=[page.data.Workorders.techId];\nobj.lastActive = date;\nobj.timestamp = date;\nobj.location = page.data.Workorders.geolocation;\n\nvar http = new Http();\n    http.setVantiqUrlForSystemResource(\"topics\");\n    http.setVantiqHeaders();\n    var topicName = \"/ars_collaboration/location/mc\";\n    http.publish(obj,topicName,function(response)\n    {\n\t\tclient.goToPage(\"workorderslist\");\n    },\n    function(errors)\n    {\n        client.showHttpErrors(errors,\"Doing a publish on a topic\");\n    });"
          },
          "DataTable2860" : {
            "onSelect" : "client.goToPage('notedetail', extra);"
          },
          "DataTable2862" : {
            "onSelect" : "var params = {};\nparams._id = page.data.dbid;\nparams.contacts = extra;\nclient.goToPage(\"contactpage\", params);\n\n"
          }
        }
      },
      "workorderslist" : {
        "onStart" : "//Default list view is all tickets in the Assigned to currently logged in user.\nvar username = client.data.username;\nvar\tparams = {\n        where: { $and: [\n            {\"status\": \"Assigned\"},\n            {techId: username}\n        ] }\n    };    \n\nselect(\"Workorders\",params, client, function(response){\n    client.sendClientEvent(\"ce_Workorders\",response);\n});\n",
        "widgets" : {
          "DataTable2851" : {
            "onSelect" : "client.goToPage(\"workorderpage\", extra);\n"
          },
          "Droplist10981" : {
            "onChange" : "var params;\nvar wo_status = page.data.statusworkorders;\nvar username = client.data.username;\nvar match = page.data.searchworkorders;\n\nif(page.data.statusworkorders === \"All\"){\n    if (match){\n        params = {\n            where: { $and: [\n                {summary: {$regex: match, $options:\"i\"}}, \n                {techId: username}\n            ] }\n        };    \n\t}\n\n    else {\n        params = {\n            where: \n                {techId: username}\n        };\n    }\n}\n\nelse {\n    if (match){\n        params = {\n            where: { $and: [\n                {summary: {$regex: match, $options:\"i\"}}, \n                {\"status\": wo_status},\n                {techId: username}\n            ] }\n        };    \n\t}\n\n    else {\n        params = {\n            where: { $and: [\n                {\"status\": wo_status},\n                {techId: username}\n            ] }\n        };\n    }\n    \n}\n\nselect(\"Workorders\",params, client, function(response){\n    client.sendClientEvent(\"ce_Workorders\",response);\n});\n"
          },
          "InputString976487" : {
            "onChange" : "var params;\nvar wo_status = page.data.statusworkorders;\nvar username = client.data.username;\nvar match = page.data.searchworkorders;\n\nif(page.data.statusworkorders === \"All\"){\n    if (match){\n        params = {\n            where: { $and: [\n                {summary: {$regex: match, $options:\"i\"}}, \n                {techId: username}\n            ] }\n        };    \n\t}\n\n    else {\n        params = {\n            where: \n                {techId: username}\n        };\n    }\n}\n\nelse {\n    if (match){\n        params = {\n            where: { $and: [\n                {summary: {$regex: match, $options:\"i\"}}, \n                {\"status\": wo_status},\n                {techId: username}\n            ] }\n        };    \n\t}\n\n    else {\n        params = {\n            where: { $and: [\n                {\"status\": wo_status},\n                {techId: username}\n            ] }\n        };\n    }\n    \n}\n\nselect(\"Workorders\",params, client, function(response){\n    client.sendClientEvent(\"ce_Workorders\",response);\n});\n"
          }
        }
      }
    },
    "topbar" : {
      "widgets" : {
        "MenuButton17" : {
          "onClick" : "client.goToPage(\"Start\");"
        },
        "MenuButton18" : {
          "onClick" : "client.goToPage(\"workorderslist\");"
        },
        "MenuButton20" : {
          "onClick" : "client.goToPage(\"calendar\");"
        }
      }
    }
  },
  "isLaunchable" : true,
  "models" : {
    "dataObjects" : {
      "__GLOBAL__" : {
        "properties" : {
          "username" : {
            "defaultLabel" : "username",
            "type" : "String"
          },
          "workordernote" : {
            "defaultLabel" : "workordernote",
            "type" : "TypedObject",
            "typedObject" : {
              "properties" : {
                "note" : {
                  "defaultLabel" : "note",
                  "type" : "String"
                },
                "techId" : {
                  "defaultLabel" : "techId",
                  "type" : "String"
                },
                "techname" : {
                  "defaultLabel" : "techname",
                  "type" : "String"
                },
                "time" : {
                  "defaultLabel" : "time",
                  "type" : "DateTime"
                }
              }
            }
          }
        }
      },
      "__PARAMETERS__" : {
        "properties" : { }
      }
    },
    "dataStreams" : [ {
      "advancedWhereClause" : null,
      "dataObjectName" : null,
      "dataTypeList" : [ {
        "label" : null,
        "type" : "Workorders"
      } ],
      "isDeleteOp" : false,
      "isInsertOp" : false,
      "isUpdateOp" : false,
      "maxRecords" : 0,
      "name" : "ce_Workorders",
      "property" : null,
      "sortByProperty" : null,
      "sortDescending" : false,
      "type" : 5,
      "updateInterval" : 60,
      "uuid" : "1d38ff96-00c8-4691-817a-e83696c93a3a",
      "v" : 1
    }, {
      "advancedWhereClause" : null,
      "dataObjectName" : null,
      "dataTypeList" : [ {
        "label" : null,
        "type" : "Tickets"
      } ],
      "isDeleteOp" : false,
      "isInsertOp" : false,
      "isUpdateOp" : false,
      "maxRecords" : 0,
      "name" : "ce_Tickets",
      "property" : null,
      "sortByProperty" : null,
      "sortDescending" : false,
      "type" : 5,
      "updateInterval" : 60,
      "uuid" : "5bf45cab-9493-43d9-9910-2fe5dbabfe26",
      "v" : 1
    }, {
      "advancedWhereClause" : null,
      "dataObjectName" : null,
      "dataTypeList" : [ {
        "label" : null,
        "type" : "Assets"
      } ],
      "isDeleteOp" : false,
      "isInsertOp" : false,
      "isUpdateOp" : false,
      "maxRecords" : 0,
      "name" : "ce_Materials",
      "property" : null,
      "sortByProperty" : null,
      "sortDescending" : false,
      "type" : 5,
      "updateInterval" : 60,
      "uuid" : "1f46ddd7-0dc8-4675-9f37-330a30803436",
      "v" : 1
    }, {
      "advancedWhereClause" : null,
      "dataObjectName" : null,
      "dataTypeList" : [ {
        "label" : null,
        "type" : "Contacts"
      } ],
      "isDeleteOp" : false,
      "isInsertOp" : false,
      "isUpdateOp" : false,
      "maxRecords" : 0,
      "name" : "ce_Contacts",
      "property" : null,
      "sortByProperty" : null,
      "sortDescending" : false,
      "type" : 5,
      "updateInterval" : 60,
      "uuid" : "33a5b2d1-e6b9-4968-8029-af3e406d1c33",
      "v" : 1
    }, {
      "advancedWhereClause" : null,
      "dataObjectName" : "client.data.workordernote",
      "dataTypeList" : [ ],
      "isDeleteOp" : false,
      "isInsertOp" : false,
      "isUpdateOp" : false,
      "maxRecords" : 0,
      "name" : "ce_workordernotes",
      "property" : null,
      "sortByProperty" : null,
      "sortDescending" : false,
      "type" : 5,
      "updateInterval" : 60,
      "uuid" : "c9109f53-0354-4b68-9654-6d0df4063575",
      "v" : 1
    } ]
  },
  "name" : "WorkOrders",
  "options" : {
    "badgeCount" : 0,
    "cssAssets" : [ "https://dev.vantiq.com/ui/docs/NS/bp_sitsm_v2/css/fullcalendar.css", "https://dev.vantiq.com/ui/docs/NS/bp_sitsm_v2/css/customcalendar.css", "https://dev.vantiq.com/ui/docs/NS/bp_sitsm_v2/css/servicedeskmobile.css" ],
    "description" : "",
    "hasTopbar" : true,
    "isExpertMode" : true,
    "jsAssets" : [ "https://dev.vantiq.com/ui/docs/NS/bp_sitsm_v2/js/moment.min.js", "https://dev.vantiq.com/ui/docs/NS/bp_sitsm_v2/js/fullcalendar.js" ],
    "showGridWhileEditing" : true,
    "showOutlinesWhileEditing" : true,
    "theme" : {
      "accentColor1" : "#ebaf57",
      "backgroundColor" : "#ffffff",
      "borderColor" : "#2b6e9e",
      "foregroundColor" : "#000000",
      "label" : "Custom",
      "name" : "custom",
      "v" : 2
    },
    "topbar" : {
      "CSSClass" : "vantiqHorizontalLayout",
      "actionMenuLabel" : null,
      "actionMenuTopic" : null,
      "bgColor" : "#57adeb",
      "borderColor" : "Default",
      "borderWidth" : 0,
      "h" : 47,
      "heightPolicy" : 0,
      "horzGravity" : 4,
      "horzMargin" : 10,
      "innerMargin" : 10,
      "isDraggable" : false,
      "isSelectable" : false,
      "isSelectableOnly" : true,
      "kids" : [ {
        "CSSClass" : "vantiqHorizontalLayout",
        "actionMenuLabel" : null,
        "actionMenuTopic" : null,
        "borderColor" : "Default",
        "borderWidth" : 0,
        "h" : 37,
        "heightPolicy" : 0,
        "horzGravity" : 4,
        "horzMargin" : 10,
        "innerMargin" : 20,
        "isDraggable" : true,
        "isSelectable" : true,
        "kids" : [ {
          "CSSClass" : "vantiqMenuButton",
          "actionMenuLabel" : null,
          "actionMenuTopic" : null,
          "borderColor" : "Default",
          "borderWidth" : 0,
          "fgColor" : "#ffffff",
          "fontFace" : "inherit",
          "fontSize" : 14,
          "fontStyle" : "normal",
          "fontWeight" : "normal",
          "h" : 17,
          "heightPolicy" : 0,
          "horzGravity" : 0,
          "isDraggable" : true,
          "isSelectable" : true,
          "name" : "MenuButton17",
          "text" : "Home",
          "type" : "TextAsBtn",
          "v" : 14,
          "vertGravity" : 4,
          "w" : 36,
          "widthPolicy" : 0,
          "x" : 10,
          "y" : 10
        }, {
          "CSSClass" : "vantiqMenuButton",
          "actionMenuLabel" : null,
          "actionMenuTopic" : null,
          "borderColor" : "Default",
          "borderWidth" : 0,
          "fgColor" : "#ffffff",
          "fontFace" : "inherit",
          "fontSize" : 14,
          "fontStyle" : "normal",
          "fontWeight" : "normal",
          "glyphIcon" : "glyphicon-wrench",
          "h" : 17,
          "heightPolicy" : 0,
          "horzGravity" : 0,
          "isDraggable" : true,
          "isSelectable" : true,
          "name" : "MenuButton18",
          "text" : "Workorders",
          "type" : "TextAsBtn",
          "v" : 14,
          "vertGravity" : 4,
          "w" : 88,
          "widthPolicy" : 0,
          "x" : 100.33333333333333,
          "y" : 10
        }, {
          "CSSClass" : "vantiqMenuButton",
          "actionMenuLabel" : null,
          "actionMenuTopic" : null,
          "borderColor" : "Default",
          "borderWidth" : 0,
          "fgColor" : "#ffffff",
          "fontFace" : "inherit",
          "fontSize" : 14,
          "fontStyle" : "normal",
          "fontWeight" : "normal",
          "glyphIcon" : "glyphicon-calendar",
          "h" : 17,
          "heightPolicy" : 0,
          "horzGravity" : 0,
          "isDraggable" : true,
          "isSelectable" : true,
          "name" : "MenuButton20",
          "text" : "Calendar",
          "type" : "TextAsBtn",
          "v" : 14,
          "vertGravity" : 4,
          "w" : 73,
          "widthPolicy" : 0,
          "x" : 242.66666666666663,
          "y" : 10
        } ],
        "name" : "HorizontalLayout30888",
        "type" : "HorizontalContainer",
        "v" : 14,
        "vertGravity" : 4,
        "vertMargin" : 10,
        "w" : 360,
        "widthPolicy" : 1,
        "x" : 10,
        "y" : 5
      } ],
      "name" : "_Topbar_",
      "packTight" : true,
      "type" : "HorizontalContainer",
      "v" : 14,
      "vertGravity" : 4,
      "vertMargin" : 5,
      "vertWeight" : 1,
      "w" : 398.020834,
      "widthPolicy" : 2,
      "x" : 0,
      "y" : 0
    },
    "v" : 3
  },
  "targetDevice" : "mobile",
  "userList" : [ ],
  "views" : {
    "Start" : {
      "bodyChildren" : [ {
        "CSSClass" : "vantiqStaticText",
        "actionMenuLabel" : null,
        "actionMenuTopic" : null,
        "borderColor" : "Default",
        "borderWidth" : 0,
        "fontFace" : "inherit",
        "fontSize" : 20,
        "fontStyle" : "normal",
        "fontWeight" : "normal",
        "h" : 26,
        "heightPolicy" : 0,
        "horzGravity" : 0,
        "isDraggable" : true,
        "isSelectable" : true,
        "name" : "StaticText108060",
        "text" : "VANTIQ Field Service Management Mobile",
        "type" : "TextLabel",
        "v" : 14,
        "vertGravity" : 4,
        "w" : 347,
        "widthPolicy" : 0,
        "x" : 5,
        "y" : 5
      }, {
        "CSSClass" : "vantiqFlowLayout",
        "actionMenuLabel" : null,
        "actionMenuTopic" : null,
        "borderColor" : "Default",
        "borderWidth" : 0,
        "h" : 377,
        "heightPolicy" : 1,
        "horzGravity" : 4,
        "horzMargin" : 10,
        "innerMargin" : 20,
        "isDraggable" : true,
        "isSelectable" : true,
        "kids" : [ ],
        "name" : "backdiv",
        "type" : "FlowContainer",
        "v" : 14,
        "vertGravity" : 4,
        "vertMargin" : 10,
        "w" : 245,
        "widthPolicy" : 1,
        "x" : 67.5,
        "y" : 36
      } ],
      "data" : {
        "properties" : { }
      },
      "fields" : [ ],
      "footerChildren" : [ ],
      "layoutType" : "mobile",
      "responseTopic" : "/my/response/topic"
    },
    "calendar" : {
      "bodyChildren" : [ {
        "CSSClass" : "vantiqFlowLayout",
        "actionMenuLabel" : null,
        "actionMenuTopic" : null,
        "borderColor" : "Default",
        "borderWidth" : 0,
        "h" : 450,
        "heightPolicy" : 1,
        "horzGravity" : 4,
        "horzMargin" : 5,
        "innerMargin" : 5,
        "isDraggable" : true,
        "isSelectable" : true,
        "kids" : [ ],
        "name" : "calendar",
        "type" : "FlowContainer",
        "v" : 14,
        "vertGravity" : 4,
        "vertMargin" : 5,
        "w" : 370,
        "widthPolicy" : 2,
        "x" : 5,
        "y" : 5
      } ],
      "data" : {
        "properties" : {
          "calendar" : {
            "defaultLabel" : "calendar",
            "type" : "Object"
          }
        }
      },
      "fields" : [ ],
      "footerChildren" : [ ],
      "layoutType" : "mobile",
      "responseTopic" : ""
    },
    "contactpage" : {
      "bodyChildren" : [ {
        "CSSClass" : "vantiqFlowLayout",
        "actionMenuLabel" : null,
        "actionMenuTopic" : null,
        "bgColor" : "#f5f5f5",
        "borderColor" : "Default",
        "borderWidth" : 1,
        "h" : 498,
        "heightPolicy" : 0,
        "horzGravity" : 4,
        "horzMargin" : 10,
        "innerMargin" : 20,
        "isDraggable" : true,
        "isSelectable" : true,
        "kids" : [ {
          "CSSClass" : "vantiqInputString",
          "actionMenuLabel" : null,
          "actionMenuTopic" : null,
          "binding" : "page.data.Contacts.firstname",
          "borderColor" : "Default",
          "borderWidth" : 0,
          "column" : -1,
          "default" : "",
          "h" : 71,
          "heightPolicy" : 0,
          "horzGravity" : 0,
          "horzMargin" : 10,
          "innerMargin" : 0,
          "isDraggable" : true,
          "isPassword" : false,
          "isReadOnly" : true,
          "isSelectable" : true,
          "label" : "First Name",
          "labelAlign" : "left",
          "labelColor" : "#000000",
          "labelFontSize" : 14,
          "labelStyle" : "plain",
          "name" : "InputString976647",
          "optional" : true,
          "placeholder" : "",
          "row" : -1,
          "type" : "PIInputString",
          "v" : 14,
          "vertGravity" : 4,
          "vertMargin" : 10,
          "w" : 300,
          "widthPolicy" : 1,
          "x" : 10,
          "y" : 10
        }, {
          "CSSClass" : "vantiqInputString",
          "actionMenuLabel" : null,
          "actionMenuTopic" : null,
          "binding" : "page.data.Contacts.lastname",
          "borderColor" : "Default",
          "borderWidth" : 0,
          "column" : -1,
          "default" : "",
          "h" : 71,
          "heightPolicy" : 0,
          "horzGravity" : 0,
          "horzMargin" : 10,
          "innerMargin" : 0,
          "isDraggable" : true,
          "isPassword" : false,
          "isReadOnly" : true,
          "isSelectable" : true,
          "label" : "Last Name",
          "labelAlign" : "left",
          "labelColor" : "#000000",
          "labelFontSize" : 14,
          "labelStyle" : "plain",
          "name" : "InputString976649",
          "optional" : true,
          "placeholder" : "",
          "row" : -1,
          "type" : "PIInputString",
          "v" : 14,
          "vertGravity" : 4,
          "vertMargin" : 10,
          "w" : 300,
          "widthPolicy" : 1,
          "x" : 10,
          "y" : 91
        }, {
          "CSSClass" : "vantiqInputString",
          "actionMenuLabel" : null,
          "actionMenuTopic" : null,
          "binding" : "page.data.Contacts.email",
          "borderColor" : "Default",
          "borderWidth" : 0,
          "column" : -1,
          "default" : "",
          "h" : 71,
          "heightPolicy" : 0,
          "horzGravity" : 0,
          "horzMargin" : 10,
          "innerMargin" : 0,
          "isDraggable" : true,
          "isPassword" : false,
          "isReadOnly" : true,
          "isSelectable" : true,
          "label" : "Email",
          "labelAlign" : "left",
          "labelColor" : "#000000",
          "labelFontSize" : 14,
          "labelStyle" : "plain",
          "name" : "InputString976645",
          "optional" : true,
          "placeholder" : "",
          "row" : -1,
          "type" : "PIInputString",
          "v" : 14,
          "vertGravity" : 4,
          "vertMargin" : 10,
          "w" : 300,
          "widthPolicy" : 1,
          "x" : 10,
          "y" : 172
        }, {
          "CSSClass" : "vantiqInputString",
          "actionMenuLabel" : null,
          "actionMenuTopic" : null,
          "binding" : "page.data.Contacts.phone",
          "borderColor" : "Default",
          "borderWidth" : 0,
          "column" : -1,
          "default" : "",
          "h" : 71,
          "heightPolicy" : 0,
          "horzGravity" : 0,
          "horzMargin" : 10,
          "innerMargin" : 0,
          "isDraggable" : true,
          "isPassword" : false,
          "isReadOnly" : true,
          "isSelectable" : true,
          "label" : "Phone",
          "labelAlign" : "left",
          "labelColor" : "#000000",
          "labelFontSize" : 14,
          "labelStyle" : "plain",
          "name" : "InputString976650",
          "optional" : true,
          "placeholder" : "",
          "row" : -1,
          "type" : "PIInputString",
          "v" : 14,
          "vertGravity" : 4,
          "vertMargin" : 10,
          "w" : 300,
          "widthPolicy" : 1,
          "x" : 10,
          "y" : 253
        }, {
          "CSSClass" : "vantiqInputString",
          "actionMenuLabel" : null,
          "actionMenuTopic" : null,
          "binding" : "page.data.Contacts.title",
          "borderColor" : "Default",
          "borderWidth" : 0,
          "column" : -1,
          "default" : "",
          "h" : 71,
          "heightPolicy" : 0,
          "horzGravity" : 0,
          "horzMargin" : 10,
          "innerMargin" : 0,
          "isDraggable" : true,
          "isPassword" : false,
          "isReadOnly" : true,
          "isSelectable" : true,
          "label" : "Title",
          "labelAlign" : "left",
          "labelColor" : "#000000",
          "labelFontSize" : 14,
          "labelStyle" : "plain",
          "name" : "InputString976651",
          "optional" : true,
          "placeholder" : "",
          "row" : -1,
          "type" : "PIInputString",
          "v" : 14,
          "vertGravity" : 4,
          "vertMargin" : 10,
          "w" : 300,
          "widthPolicy" : 1,
          "x" : 10,
          "y" : 334
        }, {
          "CSSClass" : "vantiqInputString",
          "actionMenuLabel" : null,
          "actionMenuTopic" : null,
          "binding" : "page.data.Contacts.department",
          "borderColor" : "Default",
          "borderWidth" : 0,
          "column" : -1,
          "default" : "",
          "h" : 71,
          "heightPolicy" : 0,
          "horzGravity" : 0,
          "horzMargin" : 10,
          "innerMargin" : 0,
          "isDraggable" : true,
          "isPassword" : false,
          "isReadOnly" : true,
          "isSelectable" : true,
          "label" : "Department",
          "labelAlign" : "left",
          "labelColor" : "#000000",
          "labelFontSize" : 14,
          "labelStyle" : "plain",
          "name" : "InputString976644",
          "optional" : true,
          "placeholder" : "",
          "row" : -1,
          "type" : "PIInputString",
          "v" : 14,
          "vertGravity" : 4,
          "vertMargin" : 10,
          "w" : 300,
          "widthPolicy" : 1,
          "x" : 10,
          "y" : 415
        } ],
        "name" : "FlowLayout133",
        "type" : "FlowContainer",
        "v" : 14,
        "vertGravity" : 4,
        "vertMargin" : 10,
        "w" : 330,
        "widthPolicy" : 1,
        "x" : 25,
        "y" : 5
      }, {
        "CSSClass" : "vantiqButton",
        "actionMenuLabel" : null,
        "actionMenuTopic" : null,
        "borderColor" : "Default",
        "borderWidth" : 0,
        "buttonBackgroundColor" : "platform",
        "buttonLabel" : "Close",
        "buttonLabelColor" : "platform",
        "buttonLabelSize" : 18,
        "buttonLabelStyle" : "plain",
        "h" : 52,
        "heightPolicy" : 0,
        "horzGravity" : 4,
        "horzMargin" : 10,
        "innerMargin" : 0,
        "isDraggable" : true,
        "isSelectable" : true,
        "label" : "",
        "labelAlign" : "center",
        "labelColor" : "#000000",
        "labelFontSize" : 14,
        "labelStyle" : "plain",
        "name" : "Button107898",
        "type" : "PIInlineButton",
        "v" : 14,
        "value" : 100,
        "vertGravity" : 4,
        "vertMargin" : 10,
        "w" : 370,
        "widthPolicy" : 2,
        "x" : 5,
        "y" : 508
      } ],
      "data" : {
        "properties" : {
          "Contacts" : {
            "defaultLabel" : "Contacts",
            "type" : "TypedObject",
            "typedObject" : {
              "properties" : {
                "companyid" : {
                  "defaultLabel" : "companyid",
                  "type" : "String"
                },
                "department" : {
                  "defaultLabel" : "department",
                  "type" : "String"
                },
                "email" : {
                  "defaultLabel" : "email",
                  "type" : "String"
                },
                "fax" : {
                  "defaultLabel" : "fax",
                  "type" : "String"
                },
                "firstname" : {
                  "defaultLabel" : "firstname",
                  "type" : "String"
                },
                "geolocation" : {
                  "defaultLabel" : "geolocation",
                  "type" : "GeoJSON"
                },
                "id" : {
                  "defaultLabel" : "id",
                  "type" : "String"
                },
                "lastname" : {
                  "defaultLabel" : "lastname",
                  "type" : "String"
                },
                "locationid" : {
                  "defaultLabel" : "locationid",
                  "isArray" : true,
                  "type" : "String"
                },
                "phone" : {
                  "defaultLabel" : "phone",
                  "type" : "String"
                },
                "title" : {
                  "defaultLabel" : "title",
                  "type" : "String"
                }
              },
              "type" : "Contacts"
            }
          },
          "dbid" : {
            "defaultLabel" : "dbid",
            "type" : "String"
          }
        }
      },
      "fields" : [ ],
      "footerChildren" : [ ],
      "layoutType" : "mobile",
      "responseTopic" : ""
    },
    "contactslistview" : {
      "bodyChildren" : [ {
        "CSSClass" : "vantiqSectionLabel",
        "actionMenuLabel" : null,
        "actionMenuTopic" : null,
        "borderColor" : "Default",
        "borderWidth" : 0,
        "h" : 20,
        "heightPolicy" : 0,
        "horzGravity" : 4,
        "horzMargin" : 2,
        "innerMargin" : 0,
        "isDraggable" : true,
        "isSelectable" : true,
        "label" : "Select Contact to Add",
        "labelAlign" : "left",
        "labelColor" : "#808080",
        "labelFontSize" : 18,
        "labelStyle" : "italic",
        "name" : "SectionLabel12149",
        "type" : "PISection",
        "v" : 14,
        "vertGravity" : 4,
        "vertMargin" : 10,
        "w" : 370,
        "widthPolicy" : 2,
        "x" : 5,
        "y" : 5
      }, {
        "CSSClass" : "vantiqInputString",
        "actionMenuLabel" : null,
        "actionMenuTopic" : null,
        "binding" : "page.data.customer",
        "borderColor" : "Default",
        "borderWidth" : 0,
        "default" : "",
        "h" : 67.97916599999999,
        "heightPolicy" : 0,
        "horzGravity" : 4,
        "horzMargin" : 10,
        "innerMargin" : 0,
        "isDraggable" : true,
        "isPassword" : false,
        "isReadOnly" : true,
        "isSelectable" : true,
        "label" : "Customer",
        "labelAlign" : "left",
        "labelColor" : "#000000",
        "labelFontSize" : 14,
        "labelStyle" : "plain",
        "name" : "InputString976939",
        "optional" : true,
        "placeholder" : "",
        "type" : "PIInputString",
        "v" : 14,
        "vertGravity" : 4,
        "vertMargin" : 10,
        "w" : 370,
        "widthPolicy" : 2,
        "x" : 5,
        "y" : 30
      }, {
        "CSSClass" : "vantiqDataTable",
        "actionMenuLabel" : null,
        "actionMenuTopic" : null,
        "borderColor" : "Default",
        "borderWidth" : 1,
        "cellFontColor" : "#000000",
        "cellFontFace" : "inherit",
        "cellFontSize" : 14,
        "cellFontStyle" : "plain",
        "columns" : [ {
          "colorRules" : null,
          "dataType" : "String",
          "propertyName" : "firstname",
          "selected" : false,
          "title" : "First"
        }, {
          "colorRules" : null,
          "dataType" : "String",
          "propertyName" : "lastname",
          "selected" : false,
          "title" : "Last"
        } ],
        "dataStreamGroupedByFiltersString" : "",
        "dataStreamPropertyList" : [ ],
        "dataStreamUUID" : "33a5b2d1-e6b9-4968-8029-af3e406d1c33",
        "dataType" : null,
        "h" : 212,
        "headerFontColor" : "#000000",
        "headerFontFace" : "inherit",
        "headerFontSize" : 14,
        "headerFontStyle" : "plain",
        "heightPolicy" : 0,
        "horzGravity" : 4,
        "isDraggable" : true,
        "isSelectable" : true,
        "name" : "DataTable2907",
        "operation" : "insert",
        "propertyName" : null,
        "rowsPerPage" : 5,
        "type" : "DataTableWidget",
        "v" : 14,
        "vertGravity" : 4,
        "w" : 370,
        "widthPolicy" : 2,
        "x" : 5,
        "y" : 102.97916599999999
      }, {
        "CSSClass" : "vantiqHorizontalLayout",
        "actionMenuLabel" : null,
        "actionMenuTopic" : null,
        "borderColor" : "Default",
        "borderWidth" : 0,
        "h" : 45.99306,
        "heightPolicy" : 0,
        "horzGravity" : 4,
        "horzMargin" : 10,
        "innerMargin" : 20,
        "isDraggable" : true,
        "isSelectable" : true,
        "kids" : [ {
          "CSSClass" : "vantiqButton",
          "actionMenuLabel" : null,
          "actionMenuTopic" : null,
          "borderColor" : "Default",
          "borderWidth" : 0,
          "buttonBackgroundColor" : "platform",
          "buttonLabel" : "Save",
          "buttonLabelColor" : "platform",
          "buttonLabelSize" : 18,
          "buttonLabelStyle" : "plain",
          "h" : 25.99306,
          "heightPolicy" : 0,
          "horzGravity" : 4,
          "horzMargin" : 10,
          "innerMargin" : 0,
          "isDraggable" : true,
          "isSelectable" : true,
          "label" : "",
          "labelAlign" : "center",
          "labelColor" : "#000000",
          "labelFontSize" : 14,
          "labelStyle" : "plain",
          "name" : "Button109484",
          "type" : "PIInlineButton",
          "v" : 14,
          "value" : 100,
          "vertGravity" : 4,
          "vertMargin" : 10,
          "w" : 165,
          "widthPolicy" : 2,
          "x" : 10,
          "y" : 10
        }, {
          "CSSClass" : "vantiqButton",
          "actionMenuLabel" : null,
          "actionMenuTopic" : null,
          "borderColor" : "Default",
          "borderWidth" : 0,
          "buttonBackgroundColor" : "platform",
          "buttonLabel" : "Cancel",
          "buttonLabelColor" : "platform",
          "buttonLabelSize" : 18,
          "buttonLabelStyle" : "plain",
          "h" : 25.99306,
          "heightPolicy" : 0,
          "horzGravity" : 4,
          "horzMargin" : 10,
          "innerMargin" : 0,
          "isDraggable" : true,
          "isSelectable" : true,
          "label" : "",
          "labelAlign" : "center",
          "labelColor" : "#000000",
          "labelFontSize" : 14,
          "labelStyle" : "plain",
          "name" : "Button109485",
          "type" : "PIInlineButton",
          "v" : 14,
          "value" : 100,
          "vertGravity" : 4,
          "vertMargin" : 10,
          "w" : 165,
          "widthPolicy" : 2,
          "x" : 195,
          "y" : 10
        } ],
        "name" : "HorizontalLayout31564",
        "type" : "HorizontalContainer",
        "v" : 14,
        "vertGravity" : 4,
        "vertMargin" : 10,
        "w" : 370,
        "widthPolicy" : 2,
        "x" : 5,
        "y" : 319.97916599999996
      } ],
      "data" : {
        "properties" : {
          "contact" : {
            "defaultLabel" : "contact",
            "type" : "Object"
          },
          "customer" : {
            "defaultLabel" : "customer",
            "type" : "String"
          },
          "customerid" : {
            "defaultLabel" : "customerid",
            "type" : "String"
          },
          "dbid" : {
            "defaultLabel" : "dbid",
            "type" : "String"
          }
        }
      },
      "fields" : [ ],
      "footerChildren" : [ ],
      "layoutType" : "mobile",
      "responseTopic" : ""
    },
    "notedetail" : {
      "bodyChildren" : [ {
        "CSSClass" : "vantiqFlowLayout",
        "actionMenuLabel" : null,
        "actionMenuTopic" : null,
        "bgColor" : "#f5f5f5",
        "borderColor" : "Default",
        "borderWidth" : 1,
        "h" : 337,
        "heightPolicy" : 0,
        "horzGravity" : 4,
        "horzMargin" : 10,
        "innerMargin" : 20,
        "isDraggable" : true,
        "isSelectable" : true,
        "kids" : [ {
          "CSSClass" : "vantiqInputDateTime",
          "actionMenuLabel" : null,
          "actionMenuTopic" : null,
          "binding" : "page.data.notes.time",
          "borderColor" : "Default",
          "borderWidth" : 0,
          "column" : -1,
          "h" : 54,
          "heightPolicy" : 0,
          "horzGravity" : 0,
          "horzMargin" : 10,
          "innerMargin" : 0,
          "isDraggable" : true,
          "isReadOnly" : false,
          "isSelectable" : true,
          "label" : "",
          "labelAlign" : "center",
          "labelColor" : "#000000",
          "labelFontSize" : 14,
          "labelStyle" : "plain",
          "name" : "InputDateTime144",
          "optional" : true,
          "row" : -1,
          "type" : "PIDateTime",
          "v" : 14,
          "vertGravity" : 4,
          "vertMargin" : 10,
          "w" : 300,
          "widthPolicy" : 1,
          "x" : 10,
          "y" : 10
        }, {
          "CSSClass" : "vantiqMultilineInput",
          "actionMenuLabel" : null,
          "actionMenuTopic" : null,
          "binding" : "page.data.notes.note",
          "borderColor" : "Default",
          "borderWidth" : 0,
          "default" : "",
          "h" : 169,
          "heightPolicy" : 0,
          "horzGravity" : 4,
          "horzMargin" : 10,
          "innerMargin" : 0,
          "isDraggable" : true,
          "isSelectable" : true,
          "label" : "Notes",
          "labelAlign" : "left",
          "labelColor" : "#000000",
          "labelFontSize" : 14,
          "labelStyle" : "plain",
          "name" : "MultilineInput161",
          "optional" : true,
          "placeholder" : "",
          "rows" : 5,
          "type" : "PIMultilineInputString",
          "v" : 14,
          "vertGravity" : 4,
          "vertMargin" : 10,
          "w" : 300,
          "widthPolicy" : 1,
          "wordwrap" : true,
          "x" : 10,
          "y" : 74
        }, {
          "CSSClass" : "vantiqInputString",
          "actionMenuLabel" : null,
          "actionMenuTopic" : null,
          "binding" : "page.data.notes.techname",
          "borderColor" : "Default",
          "borderWidth" : 0,
          "column" : -1,
          "default" : "",
          "h" : 72,
          "heightPolicy" : 0,
          "horzGravity" : 0,
          "horzMargin" : 10,
          "innerMargin" : 0,
          "isDraggable" : true,
          "isPassword" : false,
          "isSelectable" : true,
          "label" : "User",
          "labelAlign" : "left",
          "labelColor" : "#000000",
          "labelFontSize" : 14,
          "labelStyle" : "plain",
          "name" : "InputString976678",
          "optional" : true,
          "placeholder" : "",
          "row" : -1,
          "type" : "PIInputString",
          "v" : 14,
          "vertGravity" : 4,
          "vertMargin" : 10,
          "w" : 300,
          "widthPolicy" : 1,
          "x" : 10,
          "y" : 253
        } ],
        "name" : "FlowLayout138",
        "type" : "FlowContainer",
        "v" : 14,
        "vertGravity" : 4,
        "vertMargin" : 10,
        "w" : 330,
        "widthPolicy" : 1,
        "x" : 25,
        "y" : 5
      }, {
        "CSSClass" : "vantiqHorizontalLayout",
        "actionMenuLabel" : null,
        "actionMenuTopic" : null,
        "borderColor" : "Default",
        "borderWidth" : 0,
        "h" : 70,
        "heightPolicy" : 0,
        "horzGravity" : 4,
        "horzMargin" : 10,
        "innerMargin" : 20,
        "isDraggable" : true,
        "isSelectable" : true,
        "kids" : [ {
          "CSSClass" : "vantiqButton",
          "actionMenuLabel" : null,
          "actionMenuTopic" : null,
          "borderColor" : "Default",
          "borderWidth" : 0,
          "buttonBackgroundColor" : "platform",
          "buttonLabel" : "Save",
          "buttonLabelColor" : "platform",
          "buttonLabelSize" : 18,
          "buttonLabelStyle" : "plain",
          "h" : 50,
          "heightPolicy" : 0,
          "horzGravity" : 4,
          "horzMargin" : 10,
          "innerMargin" : 0,
          "isDraggable" : true,
          "isSelectable" : true,
          "label" : "",
          "labelAlign" : "center",
          "labelColor" : "#000000",
          "labelFontSize" : 14,
          "labelStyle" : "plain",
          "name" : "Button107912",
          "type" : "PIInlineButton",
          "v" : 14,
          "value" : 100,
          "vertGravity" : 4,
          "vertMargin" : 10,
          "w" : 137.5,
          "widthPolicy" : 2,
          "x" : 10,
          "y" : 10
        }, {
          "CSSClass" : "vantiqButton",
          "actionMenuLabel" : null,
          "actionMenuTopic" : null,
          "borderColor" : "Default",
          "borderWidth" : 0,
          "buttonBackgroundColor" : "platform",
          "buttonLabel" : "Cancel",
          "buttonLabelColor" : "platform",
          "buttonLabelSize" : 18,
          "buttonLabelStyle" : "plain",
          "h" : 50,
          "heightPolicy" : 0,
          "horzGravity" : 4,
          "horzMargin" : 10,
          "innerMargin" : 0,
          "isDraggable" : true,
          "isSelectable" : true,
          "label" : "",
          "labelAlign" : "center",
          "labelColor" : "#000000",
          "labelFontSize" : 14,
          "labelStyle" : "plain",
          "name" : "Button107911",
          "type" : "PIInlineButton",
          "v" : 14,
          "value" : 100,
          "vertGravity" : 4,
          "vertMargin" : 10,
          "w" : 152.5,
          "widthPolicy" : 2,
          "x" : 167.5,
          "y" : 10
        } ],
        "name" : "HorizontalLayout31261",
        "type" : "HorizontalContainer",
        "v" : 14,
        "vertGravity" : 4,
        "vertMargin" : 10,
        "w" : 330,
        "widthPolicy" : 1,
        "x" : 25,
        "y" : 347
      } ],
      "data" : {
        "properties" : {
          "dbid" : {
            "defaultLabel" : "dbid",
            "type" : "String"
          },
          "notes" : {
            "defaultLabel" : "notes",
            "type" : "TypedObject",
            "typedObject" : {
              "properties" : {
                "note" : {
                  "defaultLabel" : "note",
                  "type" : "String"
                },
                "techId" : {
                  "defaultLabel" : "techId",
                  "type" : "String"
                },
                "techname" : {
                  "defaultLabel" : "techname",
                  "type" : "String"
                },
                "time" : {
                  "defaultLabel" : "time",
                  "type" : "DateTime"
                }
              }
            }
          }
        }
      },
      "fields" : [ ],
      "footerChildren" : [ ],
      "layoutType" : "mobile",
      "responseTopic" : ""
    },
    "workorderpage" : {
      "bodyChildren" : [ {
        "CSSClass" : "vantiqInputString",
        "actionMenuLabel" : null,
        "actionMenuTopic" : null,
        "binding" : "page.data.Workorders.summary",
        "borderColor" : "Default",
        "borderWidth" : 0,
        "default" : "",
        "h" : 70,
        "heightPolicy" : 0,
        "horzGravity" : 4,
        "horzMargin" : 10,
        "innerMargin" : 0,
        "isDraggable" : true,
        "isPassword" : false,
        "isReadOnly" : true,
        "isSelectable" : true,
        "label" : "Title",
        "labelAlign" : "left",
        "labelColor" : "#000000",
        "labelFontSize" : 14,
        "labelStyle" : "plain",
        "name" : "InputString976515",
        "optional" : true,
        "placeholder" : "",
        "type" : "PIInputString",
        "v" : 14,
        "vertGravity" : 4,
        "vertMargin" : 10,
        "w" : 370,
        "widthPolicy" : 2,
        "x" : 5,
        "y" : 5
      }, {
        "CSSClass" : "vantiqMultilineInput",
        "actionMenuLabel" : null,
        "actionMenuTopic" : null,
        "binding" : "page.data.Workorders.description",
        "borderColor" : "Default",
        "borderWidth" : 0,
        "default" : "",
        "h" : 145,
        "heightPolicy" : 0,
        "horzGravity" : 4,
        "horzMargin" : 10,
        "innerMargin" : 0,
        "isDraggable" : true,
        "isReadOnly" : true,
        "isSelectable" : true,
        "label" : "Description",
        "labelAlign" : "left",
        "labelColor" : "#000000",
        "labelFontSize" : 14,
        "labelStyle" : "plain",
        "name" : "MultilineInput117",
        "optional" : true,
        "placeholder" : "",
        "rows" : 5,
        "type" : "PIMultilineInputString",
        "v" : 14,
        "vertGravity" : 4,
        "vertMargin" : 10,
        "w" : 370,
        "widthPolicy" : 2,
        "wordwrap" : true,
        "x" : 5,
        "y" : 80
      }, {
        "CSSClass" : "vantiqInputString",
        "actionMenuLabel" : null,
        "actionMenuTopic" : null,
        "binding" : "page.data.Workorders.customer",
        "borderColor" : "Default",
        "borderWidth" : 0,
        "default" : "",
        "h" : 70,
        "heightPolicy" : 0,
        "horzGravity" : 4,
        "horzMargin" : 10,
        "innerMargin" : 0,
        "isDraggable" : true,
        "isPassword" : false,
        "isReadOnly" : true,
        "isSelectable" : true,
        "label" : "Customer",
        "labelAlign" : "left",
        "labelColor" : "#000000",
        "labelFontSize" : 14,
        "labelStyle" : "plain",
        "name" : "InputString976522",
        "optional" : true,
        "placeholder" : "",
        "type" : "PIInputString",
        "v" : 14,
        "vertGravity" : 4,
        "vertMargin" : 10,
        "w" : 370,
        "widthPolicy" : 2,
        "x" : 5,
        "y" : 230
      }, {
        "CSSClass" : "vantiqInputString",
        "actionMenuLabel" : null,
        "actionMenuTopic" : null,
        "binding" : "page.data.Workorders.location",
        "borderColor" : "Default",
        "borderWidth" : 0,
        "default" : "",
        "h" : 70,
        "heightPolicy" : 0,
        "horzGravity" : 4,
        "horzMargin" : 10,
        "innerMargin" : 0,
        "isDraggable" : true,
        "isPassword" : false,
        "isReadOnly" : true,
        "isSelectable" : true,
        "label" : "Location",
        "labelAlign" : "left",
        "labelColor" : "#000000",
        "labelFontSize" : 14,
        "labelStyle" : "plain",
        "name" : "InputString976976",
        "optional" : true,
        "placeholder" : "",
        "type" : "PIInputString",
        "v" : 14,
        "vertGravity" : 4,
        "vertMargin" : 10,
        "w" : 370,
        "widthPolicy" : 2,
        "x" : 5,
        "y" : 305
      }, {
        "CSSClass" : "vantiqMultilineInput",
        "actionMenuLabel" : null,
        "actionMenuTopic" : null,
        "binding" : "page.data.Workorders.address",
        "borderColor" : "Default",
        "borderWidth" : 0,
        "default" : "",
        "h" : 145,
        "heightPolicy" : 0,
        "horzGravity" : 4,
        "horzMargin" : 10,
        "innerMargin" : 0,
        "isDraggable" : true,
        "isReadOnly" : true,
        "isSelectable" : true,
        "label" : "Address",
        "labelAlign" : "left",
        "labelColor" : "#000000",
        "labelFontSize" : 14,
        "labelStyle" : "plain",
        "name" : "MultilineInput118",
        "optional" : true,
        "placeholder" : "",
        "rows" : 5,
        "type" : "PIMultilineInputString",
        "v" : 14,
        "vertGravity" : 4,
        "vertMargin" : 10,
        "w" : 370,
        "widthPolicy" : 2,
        "wordwrap" : true,
        "x" : 5,
        "y" : 380
      }, {
        "CSSClass" : "vantiqHorizontalLayout",
        "actionMenuLabel" : null,
        "actionMenuTopic" : null,
        "borderColor" : "Default",
        "borderWidth" : 0,
        "h" : 70,
        "heightPolicy" : 0,
        "horzGravity" : 4,
        "horzMargin" : 0,
        "innerMargin" : 0,
        "isDraggable" : true,
        "isSelectable" : true,
        "kids" : [ {
          "CSSClass" : "vantiqInputString",
          "actionMenuLabel" : null,
          "actionMenuTopic" : null,
          "binding" : "page.data.Workorders.status",
          "borderColor" : "Default",
          "borderWidth" : 0,
          "default" : "",
          "h" : 70,
          "heightPolicy" : 0,
          "horzGravity" : 0,
          "horzMargin" : 10,
          "innerMargin" : 0,
          "isDraggable" : true,
          "isPassword" : false,
          "isReadOnly" : true,
          "isSelectable" : true,
          "label" : "Status",
          "labelAlign" : "left",
          "labelColor" : "#000000",
          "labelFontSize" : 14,
          "labelStyle" : "plain",
          "name" : "InputString976519",
          "optional" : true,
          "placeholder" : "",
          "type" : "PIInputString",
          "v" : 14,
          "vertGravity" : 4,
          "vertMargin" : 10,
          "w" : 150,
          "widthPolicy" : 1,
          "x" : 0,
          "y" : 0
        }, {
          "CSSClass" : "vantiqInputString",
          "actionMenuLabel" : null,
          "actionMenuTopic" : null,
          "binding" : "page.data.Workorders.priority",
          "borderColor" : "Default",
          "borderWidth" : 0,
          "default" : "",
          "h" : 70,
          "heightPolicy" : 0,
          "horzGravity" : 0,
          "horzMargin" : 10,
          "innerMargin" : 0,
          "isDraggable" : true,
          "isPassword" : false,
          "isReadOnly" : true,
          "isSelectable" : true,
          "label" : "Priority",
          "labelAlign" : "left",
          "labelColor" : "#000000",
          "labelFontSize" : 14,
          "labelStyle" : "plain",
          "name" : "InputString976520",
          "optional" : true,
          "placeholder" : "",
          "type" : "PIInputString",
          "v" : 14,
          "vertGravity" : 4,
          "vertMargin" : 10,
          "w" : 150,
          "widthPolicy" : 1,
          "x" : 205,
          "y" : 0
        } ],
        "name" : "HorizontalLayout30994",
        "type" : "HorizontalContainer",
        "v" : 14,
        "vertGravity" : 4,
        "vertMargin" : 0,
        "w" : 350,
        "widthPolicy" : 1,
        "x" : 15,
        "y" : 530
      }, {
        "CSSClass" : "vantiqInputDateTime",
        "actionMenuLabel" : null,
        "actionMenuTopic" : null,
        "binding" : "page.data.Workorders.scheduledArrivalDate",
        "borderColor" : "Default",
        "borderWidth" : 0,
        "h" : 70,
        "heightPolicy" : 0,
        "horzGravity" : 4,
        "horzMargin" : 10,
        "innerMargin" : 0,
        "isDraggable" : true,
        "isReadOnly" : true,
        "isSelectable" : true,
        "label" : "Est. Arrival Date",
        "labelAlign" : "left",
        "labelColor" : "#000000",
        "labelFontSize" : 14,
        "labelStyle" : "plain",
        "name" : "InputDateTime129",
        "optional" : true,
        "type" : "PIDateTime",
        "v" : 14,
        "vertGravity" : 4,
        "vertMargin" : 10,
        "w" : 300,
        "widthPolicy" : 1,
        "x" : 40,
        "y" : 605
      }, {
        "CSSClass" : "vantiqInputString",
        "actionMenuLabel" : null,
        "actionMenuTopic" : null,
        "binding" : "page.data.fullname",
        "borderColor" : "Default",
        "borderWidth" : 0,
        "default" : "",
        "h" : 70,
        "heightPolicy" : 0,
        "horzGravity" : 4,
        "horzMargin" : 10,
        "innerMargin" : 0,
        "isDraggable" : true,
        "isPassword" : false,
        "isReadOnly" : true,
        "isSelectable" : true,
        "label" : "Created By",
        "labelAlign" : "left",
        "labelColor" : "#000000",
        "labelFontSize" : 14,
        "labelStyle" : "plain",
        "name" : "createdby",
        "optional" : true,
        "placeholder" : "",
        "type" : "PIInputString",
        "v" : 14,
        "vertGravity" : 4,
        "vertMargin" : 10,
        "w" : 370,
        "widthPolicy" : 2,
        "x" : 5,
        "y" : 680
      }, {
        "CSSClass" : "vantiqSectionLabel",
        "actionMenuLabel" : null,
        "actionMenuTopic" : null,
        "borderColor" : "Default",
        "borderWidth" : 0,
        "h" : 42,
        "heightPolicy" : 0,
        "horzGravity" : 4,
        "horzMargin" : 2,
        "innerMargin" : 0,
        "isDraggable" : true,
        "isSelectable" : true,
        "label" : "Contacts",
        "labelAlign" : "left",
        "labelColor" : "#808080",
        "labelFontSize" : 18,
        "labelStyle" : "italic",
        "name" : "SectionLabel12059",
        "type" : "PISection",
        "v" : 14,
        "vertGravity" : 4,
        "vertMargin" : 10,
        "w" : 370,
        "widthPolicy" : 2,
        "x" : 5,
        "y" : 755
      }, {
        "CSSClass" : "vantiqDataTable",
        "actionMenuLabel" : null,
        "actionMenuTopic" : null,
        "borderColor" : "Default",
        "borderWidth" : 1,
        "cellFontColor" : "#000000",
        "cellFontFace" : "inherit",
        "cellFontSize" : 14,
        "cellFontStyle" : "plain",
        "columns" : [ {
          "colorRules" : null,
          "dataType" : "String",
          "propertyName" : "firstname",
          "selected" : false,
          "title" : "First"
        }, {
          "colorRules" : null,
          "dataType" : "String",
          "propertyName" : "lastname",
          "selected" : false,
          "title" : "Last"
        } ],
        "dataStreamGroupedByFiltersString" : "",
        "dataStreamPropertyList" : [ ],
        "dataStreamUUID" : "33a5b2d1-e6b9-4968-8029-af3e406d1c33",
        "dataType" : null,
        "h" : 320,
        "headerFontColor" : "#000000",
        "headerFontFace" : "inherit",
        "headerFontSize" : 14,
        "headerFontStyle" : "plain",
        "heightPolicy" : 0,
        "horzGravity" : 4,
        "isDraggable" : true,
        "isSelectable" : true,
        "name" : "DataTable2862",
        "operation" : "insert",
        "propertyName" : null,
        "rowsPerPage" : 5,
        "type" : "DataTableWidget",
        "v" : 14,
        "vertGravity" : 4,
        "w" : 350,
        "widthPolicy" : 1,
        "x" : 15,
        "y" : 802
      }, {
        "CSSClass" : "vantiqSectionLabel",
        "actionMenuLabel" : null,
        "actionMenuTopic" : null,
        "borderColor" : "Default",
        "borderWidth" : 0,
        "h" : 42,
        "heightPolicy" : 0,
        "horzGravity" : 4,
        "horzMargin" : 2,
        "innerMargin" : 0,
        "isDraggable" : true,
        "isSelectable" : true,
        "label" : "Assets",
        "labelAlign" : "left",
        "labelColor" : "#808080",
        "labelFontSize" : 18,
        "labelStyle" : "italic",
        "name" : "SectionLabel12058",
        "type" : "PISection",
        "v" : 14,
        "vertGravity" : 4,
        "vertMargin" : 10,
        "w" : 370,
        "widthPolicy" : 2,
        "x" : 5,
        "y" : 1127
      }, {
        "CSSClass" : "vantiqDataTable",
        "actionMenuLabel" : null,
        "actionMenuTopic" : null,
        "borderColor" : "Default",
        "borderWidth" : 1,
        "cellFontColor" : "#000000",
        "cellFontFace" : "inherit",
        "cellFontSize" : 14,
        "cellFontStyle" : "plain",
        "columns" : [ {
          "colorRules" : null,
          "dataType" : "String",
          "propertyName" : "name",
          "selected" : false,
          "title" : "Name"
        }, {
          "colorRules" : null,
          "dataType" : "String",
          "propertyName" : "manufacturer",
          "selected" : false,
          "title" : "Mfg."
        } ],
        "dataStreamGroupedByFiltersString" : "",
        "dataStreamPropertyList" : [ ],
        "dataStreamUUID" : "1f46ddd7-0dc8-4675-9f37-330a30803436",
        "dataType" : null,
        "h" : 287,
        "headerFontColor" : "#000000",
        "headerFontFace" : "inherit",
        "headerFontSize" : 14,
        "headerFontStyle" : "plain",
        "heightPolicy" : 0,
        "horzGravity" : 4,
        "isDraggable" : true,
        "isSelectable" : true,
        "name" : "DataTable2861",
        "operation" : "insert",
        "propertyName" : null,
        "rowsPerPage" : 5,
        "type" : "DataTableWidget",
        "v" : 14,
        "vertGravity" : 4,
        "w" : 350,
        "widthPolicy" : 1,
        "x" : 15,
        "y" : 1174
      }, {
        "CSSClass" : "vantiqSectionLabel",
        "actionMenuLabel" : null,
        "actionMenuTopic" : null,
        "borderColor" : "Default",
        "borderWidth" : 0,
        "h" : 42,
        "heightPolicy" : 0,
        "horzGravity" : 4,
        "horzMargin" : 2,
        "innerMargin" : 0,
        "isDraggable" : true,
        "isSelectable" : true,
        "label" : "Technician Notes",
        "labelAlign" : "left",
        "labelColor" : "#808080",
        "labelFontSize" : 18,
        "labelStyle" : "italic",
        "name" : "SectionLabel12057",
        "type" : "PISection",
        "v" : 14,
        "vertGravity" : 4,
        "vertMargin" : 10,
        "w" : 370,
        "widthPolicy" : 2,
        "x" : 5,
        "y" : 1466
      }, {
        "CSSClass" : "vantiqButton",
        "actionMenuLabel" : null,
        "actionMenuTopic" : null,
        "borderColor" : "Default",
        "borderWidth" : 0,
        "buttonBackgroundColor" : "platform",
        "buttonLabel" : "Add Note",
        "buttonLabelColor" : "platform",
        "buttonLabelSize" : 18,
        "buttonLabelStyle" : "plain",
        "h" : 51,
        "heightPolicy" : 0,
        "horzGravity" : 0,
        "horzMargin" : 10,
        "innerMargin" : 0,
        "isDraggable" : true,
        "isSelectable" : true,
        "label" : "",
        "labelAlign" : "left",
        "labelColor" : "#000000",
        "labelFontSize" : 14,
        "labelStyle" : "plain",
        "name" : "Button107863",
        "tooltip" : "Add Note",
        "type" : "PIInlineButton",
        "v" : 14,
        "value" : 100,
        "vertGravity" : 4,
        "vertMargin" : 10,
        "w" : 109,
        "widthPolicy" : 1,
        "x" : 5,
        "y" : 1513
      }, {
        "CSSClass" : "vantiqDataTable",
        "actionMenuLabel" : null,
        "actionMenuTopic" : null,
        "borderColor" : "Default",
        "borderWidth" : 1,
        "cellFontColor" : "#000000",
        "cellFontFace" : "inherit",
        "cellFontSize" : 14,
        "cellFontStyle" : "plain",
        "columns" : [ {
          "colorRules" : null,
          "dataType" : "String",
          "propertyName" : "techname",
          "selected" : false,
          "title" : "Name"
        }, {
          "colorRules" : null,
          "dataType" : "String",
          "propertyName" : "note",
          "selected" : false,
          "title" : "Note"
        } ],
        "dataStreamGroupedByFiltersString" : "",
        "dataStreamPropertyList" : [ ],
        "dataStreamUUID" : "c9109f53-0354-4b68-9654-6d0df4063575",
        "dataType" : null,
        "h" : 287,
        "headerFontColor" : "#000000",
        "headerFontFace" : "inherit",
        "headerFontSize" : 14,
        "headerFontStyle" : "plain",
        "heightPolicy" : 0,
        "horzGravity" : 4,
        "isDraggable" : true,
        "isSelectable" : true,
        "name" : "DataTable2860",
        "operation" : "insert",
        "propertyName" : null,
        "rowsPerPage" : 5,
        "type" : "DataTableWidget",
        "v" : 14,
        "vertGravity" : 4,
        "w" : 350,
        "widthPolicy" : 1,
        "x" : 15,
        "y" : 1569
      }, {
        "CSSClass" : "vantiqButton",
        "actionMenuLabel" : null,
        "actionMenuTopic" : null,
        "borderColor" : "Default",
        "borderWidth" : 0,
        "buttonBackgroundColor" : "platform",
        "buttonLabel" : "Arrived",
        "buttonLabelColor" : "platform",
        "buttonLabelSize" : 18,
        "buttonLabelStyle" : "plain",
        "h" : 51,
        "heightPolicy" : 0,
        "horzGravity" : 4,
        "horzMargin" : 10,
        "innerMargin" : 0,
        "isDraggable" : true,
        "isSelectable" : true,
        "label" : "",
        "labelAlign" : "center",
        "labelColor" : "#000000",
        "labelFontSize" : 14,
        "labelStyle" : "plain",
        "name" : "Button109758",
        "type" : "PIInlineButton",
        "v" : 14,
        "value" : 100,
        "vertGravity" : 4,
        "vertMargin" : 10,
        "w" : 370,
        "widthPolicy" : 2,
        "x" : 5,
        "y" : 1861
      } ],
      "data" : {
        "properties" : {
          "Workorders" : {
            "defaultLabel" : "Workorders",
            "type" : "TypedObject",
            "typedObject" : {
              "properties" : {
                "activitytype" : {
                  "defaultLabel" : "activitytype",
                  "type" : "String"
                },
                "actualArrivalDate" : {
                  "defaultLabel" : "actualArrivalDate",
                  "type" : "DateTime"
                },
                "actualCompletionDate" : {
                  "defaultLabel" : "actualCompletionDate",
                  "type" : "DateTime"
                },
                "actualStartDate" : {
                  "defaultLabel" : "actualStartDate",
                  "type" : "DateTime"
                },
                "address" : {
                  "defaultLabel" : "address",
                  "type" : "String"
                },
                "assets" : {
                  "defaultLabel" : "assets",
                  "isArray" : true,
                  "type" : "Object"
                },
                "closedDate" : {
                  "defaultLabel" : "closedDate",
                  "type" : "DateTime"
                },
                "closedNotes" : {
                  "defaultLabel" : "closedNotes",
                  "type" : "String"
                },
                "closedresult" : {
                  "defaultLabel" : "closedresult",
                  "type" : "String"
                },
                "contacts" : {
                  "defaultLabel" : "contacts",
                  "isArray" : true,
                  "type" : "Object"
                },
                "creationDate" : {
                  "defaultLabel" : "creationDate",
                  "type" : "DateTime"
                },
                "customer" : {
                  "defaultLabel" : "customer",
                  "type" : "String"
                },
                "customerId" : {
                  "defaultLabel" : "customerId",
                  "type" : "String"
                },
                "description" : {
                  "defaultLabel" : "description",
                  "type" : "String"
                },
                "geolocation" : {
                  "defaultLabel" : "geolocation",
                  "type" : "GeoJSON"
                },
                "id" : {
                  "defaultLabel" : "id",
                  "type" : "String"
                },
                "impact" : {
                  "defaultLabel" : "impact",
                  "type" : "String"
                },
                "location" : {
                  "defaultLabel" : "location",
                  "type" : "String"
                },
                "notes" : {
                  "defaultLabel" : "notes",
                  "isArray" : true,
                  "type" : "Object"
                },
                "notificationList_Customer" : {
                  "defaultLabel" : "notificationList_Customer",
                  "type" : "Object"
                },
                "notificationList_Internal" : {
                  "defaultLabel" : "notificationList_Internal",
                  "type" : "Object"
                },
                "priority" : {
                  "defaultLabel" : "priority",
                  "type" : "String"
                },
                "resolution" : {
                  "defaultLabel" : "resolution",
                  "type" : "String"
                },
                "scheduledArrivalDate" : {
                  "defaultLabel" : "scheduledArrivalDate",
                  "type" : "DateTime"
                },
                "scheduledCompletionDate" : {
                  "defaultLabel" : "scheduledCompletionDate",
                  "type" : "DateTime"
                },
                "servicedeskowner" : {
                  "defaultLabel" : "servicedeskowner",
                  "type" : "String"
                },
                "skills" : {
                  "defaultLabel" : "skills",
                  "isArray" : true,
                  "type" : "Object"
                },
                "status" : {
                  "defaultLabel" : "status",
                  "type" : "String"
                },
                "summary" : {
                  "defaultLabel" : "summary",
                  "type" : "String"
                },
                "techAssignmentDate" : {
                  "defaultLabel" : "techAssignmentDate",
                  "type" : "DateTime"
                },
                "techId" : {
                  "defaultLabel" : "techId",
                  "type" : "String"
                },
                "techlevel" : {
                  "defaultLabel" : "techlevel",
                  "type" : "String"
                },
                "techname" : {
                  "defaultLabel" : "techname",
                  "type" : "String"
                },
                "ticketId" : {
                  "defaultLabel" : "ticketId",
                  "type" : "String"
                }
              },
              "type" : "Workorders"
            }
          },
          "dbid" : {
            "defaultLabel" : "dbid",
            "type" : "String"
          },
          "fullname" : {
            "defaultLabel" : "fullname",
            "type" : "String"
          }
        }
      },
      "fields" : [ ],
      "footerChildren" : [ ],
      "layoutType" : "mobile",
      "responseTopic" : ""
    },
    "workorderslist" : {
      "bodyChildren" : [ {
        "CSSClass" : "vantiqSectionLabel",
        "actionMenuLabel" : null,
        "actionMenuTopic" : null,
        "borderColor" : "Default",
        "borderWidth" : 0,
        "h" : 20,
        "heightPolicy" : 0,
        "horzGravity" : 4,
        "horzMargin" : 2,
        "innerMargin" : 0,
        "isDraggable" : true,
        "isSelectable" : true,
        "label" : "Workorders",
        "labelAlign" : "left",
        "labelColor" : "#808080",
        "labelFontSize" : 18,
        "labelStyle" : "italic",
        "name" : "SectionLabel12048",
        "type" : "PISection",
        "v" : 14,
        "vertGravity" : 4,
        "vertMargin" : 10,
        "w" : 370,
        "widthPolicy" : 2,
        "x" : 5,
        "y" : 5
      }, {
        "CSSClass" : "vantiqHorizontalLayout",
        "actionMenuLabel" : null,
        "actionMenuTopic" : null,
        "borderColor" : "Default",
        "borderWidth" : 0,
        "h" : 67.97916599999999,
        "heightPolicy" : 0,
        "horzGravity" : 4,
        "horzMargin" : 10,
        "innerMargin" : 10,
        "isDraggable" : true,
        "isSelectable" : true,
        "kids" : [ {
          "CSSClass" : "vantiqInputString",
          "actionMenuLabel" : null,
          "actionMenuTopic" : null,
          "binding" : "page.data.searchworkorders",
          "borderColor" : "Default",
          "borderWidth" : 0,
          "default" : "",
          "h" : 67.97916599999999,
          "heightPolicy" : 0,
          "horzGravity" : 4,
          "horzMargin" : 10,
          "innerMargin" : 0,
          "isDraggable" : true,
          "isPassword" : false,
          "isSelectable" : true,
          "label" : "Search",
          "labelAlign" : "left",
          "labelColor" : "#000000",
          "labelFontSize" : 14,
          "labelStyle" : "plain",
          "name" : "InputString976487",
          "optional" : true,
          "placeholder" : "",
          "type" : "PIInputString",
          "v" : 14,
          "vertGravity" : 4,
          "vertMargin" : 10,
          "w" : 170,
          "widthPolicy" : 2,
          "x" : 10,
          "y" : 0
        }, {
          "CSSClass" : "vantiqDroplist",
          "actionMenuLabel" : null,
          "actionMenuTopic" : null,
          "binding" : "page.data.statusworkorders",
          "borderColor" : "Default",
          "borderWidth" : 0,
          "default" : "Assigned",
          "h" : 67.97916599999999,
          "heightPolicy" : 0,
          "horzGravity" : 4,
          "horzMargin" : 10,
          "innerMargin" : 0,
          "isDraggable" : true,
          "isSelectable" : true,
          "label" : "Status",
          "labelAlign" : "left",
          "labelColor" : "#000000",
          "labelFontSize" : 14,
          "labelStyle" : "plain",
          "list" : [ {
            "label" : "All",
            "value" : "All"
          }, {
            "label" : "Created",
            "value" : "Created"
          }, {
            "label" : "Assigned",
            "value" : "Assigned"
          }, {
            "label" : "En Route",
            "value" : "En Route"
          }, {
            "label" : "On Site",
            "value" : "On Site"
          }, {
            "label" : "Completed",
            "value" : "Completed"
          } ],
          "name" : "Droplist10981",
          "type" : "PIDroplist",
          "v" : 14,
          "vertGravity" : 4,
          "vertMargin" : 10,
          "w" : 170,
          "widthPolicy" : 2,
          "x" : 190,
          "y" : 0
        } ],
        "name" : "HorizontalLayout30936",
        "type" : "HorizontalContainer",
        "v" : 14,
        "vertGravity" : 4,
        "vertMargin" : 0,
        "w" : 370,
        "widthPolicy" : 2,
        "x" : 5,
        "y" : 30
      }, {
        "CSSClass" : "vantiqDataTable",
        "actionMenuLabel" : null,
        "actionMenuTopic" : null,
        "borderColor" : "Default",
        "borderWidth" : 1,
        "cellFontColor" : "#000000",
        "cellFontFace" : "inherit",
        "cellFontSize" : 12,
        "cellFontStyle" : "plain",
        "columns" : [ {
          "colorRules" : null,
          "dataType" : "String",
          "propertyName" : "summary",
          "selected" : false,
          "title" : "Summary"
        }, {
          "colorRules" : null,
          "dataType" : "String",
          "propertyName" : "customer",
          "selected" : false,
          "title" : "Customer"
        }, {
          "colorRules" : null,
          "dataType" : "DateTime",
          "initialSort" : "D",
          "propertyName" : "scheduledArrivalDate",
          "selected" : false,
          "title" : "Due Date"
        } ],
        "dataStreamGroupedByFiltersString" : "",
        "dataStreamPropertyList" : [ ],
        "dataStreamUUID" : "1d38ff96-00c8-4691-817a-e83696c93a3a",
        "dataType" : null,
        "h" : 197,
        "headerFontColor" : "#000000",
        "headerFontFace" : "inherit",
        "headerFontSize" : 12,
        "headerFontStyle" : "plain",
        "heightPolicy" : 0,
        "horzGravity" : 0,
        "isDraggable" : true,
        "isSelectable" : true,
        "name" : "DataTable2851",
        "operation" : "insert",
        "propertyName" : null,
        "rowsPerPage" : 5,
        "type" : "DataTableWidget",
        "v" : 14,
        "vertGravity" : 4,
        "w" : 348,
        "widthPolicy" : 1,
        "x" : 5,
        "y" : 102.97916599999999
      } ],
      "data" : {
        "properties" : {
          "searchworkorders" : {
            "defaultLabel" : "searchworkorders",
            "type" : "String"
          },
          "statusworkorders" : {
            "defaultLabel" : "statusworkorders",
            "defaultValue" : "Assigned",
            "type" : "String"
          }
        }
      },
      "fields" : [ ],
      "footerChildren" : [ ],
      "layoutType" : "mobile",
      "responseTopic" : ""
    }
  }
}